specie,A,Aloc,IntraDO,InterDO,E,TR,TRMO
Corvus cornix,3.92E-06,4.96E-06,18.43859649,0.789473684,0.011979499,0.462222222,0.153333333
Egretta garzetta,4.19E-06,5.30E-06,27.9122807,0.789473684,0.012402832,0.557777778,0.193333333
Ardea cinerea,5.44E-06,7.21E-06,28.01754386,0.754385965,0.01916856,0.579069767,0.211627907
Anas platyrhynchos,5.02E-06,6.21E-06,25.07017544,0.807017544,0.016665925,0.539130435,0.2
Circus aeruginosus,2.79E-06,3.69E-06,14.22807018,0.754385965,0.012220116,0.472093023,0.104651163
Pica pica,3.12E-06,4.56E-06,16.50877193,0.684210526,0.00775252,0.476923077,0.158974359
Falco tinnunculus,1.97E-06,2.68E-06,11.22807018,0.736842105,0.007222763,0.445238095,0.088095238
Ardea alba,2.97E-06,4.46E-06,17.89473684,0.666666667,0.013667247,0.563157895,0.163157895
Cettia cetti,2.34E-06,3.50E-06,11.22807018,0.666666667,0.006268053,0.436842105,0.097368421
Buteo buteo,1.81E-06,2.95E-06,8.736842105,0.614035088,0.009492137,0.394285714,0.077142857
Phalacrocorax carbo,4.95E-06,6.72E-06,25.98245614,0.736842105,0.018144267,0.554761905,0.20952381
Larus michahellis,3.70E-06,5.55E-06,22.33333333,0.666666667,0.011750106,0.565789474,0.192105263
Chroicocephalus ridibundus,3.05E-06,4.97E-06,19.42105263,0.614035088,0.012967975,0.557142857,0.168571429
Sturnus vulgaris,2.08E-06,2.97E-06,10.61403509,0.701754386,0.006961739,0.395,0.1
Passer italiae,1.96E-06,3.29E-06,10.24561404,0.596491228,0.007086619,0.479411765,0.102941176
Gallinula chloropus,2.68E-06,3.92E-06,12.38596491,0.684210526,0.011014496,0.474358974,0.097435897
Streptopelia decaocto,1.67E-06,2.38E-06,10.15789474,0.701754386,0.005385073,0.4025,0.0925
Hirundo rustica,2.18E-06,2.89E-06,12.0877193,0.754385965,0.007639979,0.411627907,0.093023256
Turdus merula,2.95E-06,4.54E-06,12.0877193,0.649122807,0.011615074,0.445945946,0.108108108
Ardea purpurea,1.14E-06,2.09E-06,4.947368421,0.543859649,0.009767076,0.396774194,0.019354839
Fringilla coelebs,1.71E-06,2.79E-06,8.122807018,0.614035088,0.009383192,0.402857143,0.06
Erithacus rubecula,2.38E-06,3.47E-06,10.84210526,0.684210526,0.009092359,0.407692308,0.097435897
Fulica atra,4.01E-06,5.71E-06,19.52631579,0.701754386,0.01442772,0.565,0.17
Bubulcus ibis,1.68E-06,2.34E-06,8,0.719298246,0.007360568,0.343902439,0.063414634
Columba palumbus,2.51E-06,3.57E-06,13.9122807,0.701754386,0.008824951,0.415,0.115
Cisticola juncidis,1.29E-06,1.99E-06,9.315789474,0.649122807,0.00608445,0.372972973,0.081081081
Alcedo atthis,1.81E-06,2.64E-06,9.807017544,0.684210526,0.008033862,0.41025641,0.082051282
Merops apiaster,8.32E-07,1.44E-06,4.315789474,0.578947368,0.006244255,0.33030303,0.024242424
Rallus aquaticus,1.37E-06,2.70E-06,5.561403509,0.50877193,0.005746835,0.386206897,0.044827586
Carduelis carduelis,1.60E-06,2.61E-06,7.964912281,0.614035088,0.007549619,0.408571429,0.06
Columba livia,1.56E-06,2.40E-06,8.210526316,0.649122807,0.005032141,0.364864865,0.07027027
Delichon urbicum,9.43E-07,1.58E-06,3.842105263,0.596491228,0.005040693,0.314705882,0.011764706
Acrocephalus scirpaceus,7.55E-07,1.39E-06,3.421052632,0.543859649,0.005937557,0.270967742,0.022580645
Apus apus,6.30E-07,1.12E-06,4.070175439,0.561403509,0.004581359,0.328125,0.021875
Motacilla alba,1.36E-06,2.04E-06,7.052631579,0.666666667,0.005794867,0.339473684,0.052631579
Ardeola ralloides,8.17E-07,1.61E-06,4.052631579,0.50877193,0.006778778,0.334482759,0.031034483
Circus cyaneus,2.77E-07,8.79E-07,1.543859649,0.315789474,0.003884815,0.238888889,0.022222222
Sylvia atricapilla,1.53E-06,3.12E-06,7.105263158,0.49122807,0.008529117,0.435714286,0.075
Saxicola rubicola,8.74E-07,1.66E-06,4.543859649,0.526315789,0.005990502,0.356666667,0.03
Luscinia megarhynchos,6.97E-07,1.42E-06,3.877192982,0.49122807,0.006281333,0.342857143,0.025
Phylloscopus collybita,1.50E-06,2.24E-06,7.245614035,0.666666667,0.006397607,0.365789474,0.063157895
Phasianus colchicus,8.96E-07,2.22E-06,5.877192982,0.403508772,0.006729409,0.408695652,0.086956522
Cuculus canorus,4.50E-07,1.03E-06,2.614035088,0.438596491,0.00451093,0.272,0.008
Cyanistes caeruleus,1.58E-06,3.00E-06,6.526315789,0.526315789,0.008881187,0.396666667,0.053333333
Phoenicurus ochruros,7.53E-07,1.34E-06,3.842105263,0.561403509,0.004181276,0.3,0.028125
Serinus serinus,8.16E-07,1.72E-06,4.140350877,0.473684211,0.005805092,0.351851852,0.022222222
Podiceps cristatus,2.74E-06,4.22E-06,15.12280702,0.649122807,0.014053495,0.537837838,0.132432432
Threskiornis aethiopicus,3.88E-07,1.30E-06,2.385964912,0.298245614,0.005660828,0.288235294,0.029411765
Aegithalos caudatus,1.76E-06,3.45E-06,6.736842105,0.50877193,0.009940662,0.437931034,0.072413793
Tachybaptus ruficollis,2.63E-06,3.95E-06,11.40350877,0.666666667,0.012630468,0.476315789,0.105263158
Picus viridis,1.14E-06,2.60E-06,5.403508772,0.438596491,0.006698199,0.356,0.076
Parus major,1.94E-06,3.16E-06,9.228070175,0.614035088,0.007636897,0.405714286,0.094285714
Acrocephalus arundinaceus,3.73E-07,1.12E-06,1.842105263,0.333333333,0.00503177,0.305263158,0.010526316
Passer montanus,8.17E-07,1.66E-06,4.01754386,0.49122807,0.004797026,0.303571429,0.032142857
Emberiza schoeniclus,8.72E-07,1.99E-06,3.947368421,0.438596491,0.006658811,0.368,0.036
Streptopelia turtur,5.96E-07,1.17E-06,3.614035088,0.50877193,0.0049782,0.296551724,0.027586207
Trithemis annulata,1.10E-07,7.85E-07,0.421052632,0.140350877,0.006342601,0.175,0
Acrocephalus melanopogon,1.48E-07,8.41E-07,0.543859649,0.175438596,0.003049769,0.22,0
Himantopus himantopus,1.62E-06,2.64E-06,13.75438596,0.614035088,0.010269046,0.465714286,0.125714286
Motacilla flava,6.51E-07,1.55E-06,3.245614035,0.421052632,0.004850844,0.304166667,0.041666667
Chloris chloris,7.98E-07,1.42E-06,3.614035088,0.561403509,0.003542885,0.303125,0.0125
Corvus monedula,7.52E-07,1.43E-06,3.614035088,0.526315789,0.004462903,0.28,0.033333333
Podarcis siculus,1.02E-06,2.53E-06,4.175438596,0.403508772,0.009569706,0.247826087,0.034782609
Crocothemis erythraea,1.45E-07,5.17E-07,0.789473684,0.280701754,0.003647913,0.18125,0.00625
Orthetrum cancellatum,9.23E-07,3.76E-06,3.49122807,0.245614035,0.01305645,0.221428571,0.028571429
Grus grus,1.02E-07,4.13E-07,1.01754386,0.245614035,0.003136914,0.228571429,0.021428571
Oenanthe oenanthe,1.58E-07,5.01E-07,1.140350877,0.315789474,0.002841437,0.205555556,0.005555556
Plegadis falcinellus,3.73E-07,1.12E-06,2.403508772,0.333333333,0.004134064,0.263157895,0.031578947
Galerida cristata,8.17E-07,3.10E-06,3.50877193,0.263157895,0.007086033,0.346666667,0.093333333
Pandion haliaetus,5.20E-07,1.19E-06,3.912280702,0.438596491,0.005450679,0.312,0.036
Riparia riparia,2.16E-07,6.48E-07,1.315789474,0.333333333,0.0029615,0.226315789,0.010526316
Garrulus glandarius,1.38E-06,2.53E-06,6.263157895,0.543859649,0.006950402,0.361290323,0.058064516
Anthus pratensis,6.59E-07,1.30E-06,3.263157895,0.50877193,0.003852832,0.3,0.013793103
Hieraaetus pennatus,8.07E-08,4.60E-07,0.50877193,0.175438596,0.004087673,0.22,0
Ischnura elegans,1.02E-06,5.28E-06,3.789473684,0.192982456,0.019019283,0.290909091,0.054545455
Motacilla cinerea,3.42E-07,8.11E-07,1.543859649,0.421052632,0.004655029,0.241666667,0.008333333
Upupa epops,3.87E-07,1.00E-06,2.754385965,0.385964912,0.004109849,0.318181818,0.022727273
Coracias garrulus,4.04E-08,3.29E-07,0.368421053,0.122807018,0.002251682,0.2,0
Saxicola rubetra,1.79E-07,5.10E-07,1.368421053,0.350877193,0.003173246,0.205,0.01
Troglodytes troglodytes,9.54E-07,2.01E-06,3.736842105,0.473684211,0.006400533,0.314814815,0.025925926
Tarentola mauritanica,3.92E-08,4.47E-07,0.456140351,0.087719298,0.003804616,0.28,0
Tringa glareola,4.47E-07,9.11E-07,3.684210526,0.49122807,0.004304245,0.289285714,0.021428571
Dendrocopos major,9.79E-07,2.54E-06,3.912280702,0.385964912,0.007001141,0.363636364,0.045454545
Falco columbarius,3.54E-08,2.52E-07,0.210526316,0.140350877,0.00206762,0.125,0
Falco peregrinus,2.85E-07,8.55E-07,1.385964912,0.333333333,0.003203463,0.242105263,0
Gallinago gallinago,9.72E-07,1.79E-06,3.701754386,0.543859649,0.004677996,0.312903226,0.016129032
Lasiommata megera,1.48E-07,1.05E-06,0.543859649,0.140350877,0.007075813,0.2,0.0125
Papilio machaon,7.19E-08,3.73E-07,0.684210526,0.192982456,0.002814139,0.209090909,0
Tringa nebularia,1.08E-06,1.99E-06,9.614035088,0.543859649,0.006518454,0.429032258,0.103225806
Accipiter nisus,4.81E-07,1.10E-06,2.228070175,0.438596491,0.004387157,0.284,0.008
Actitis hypoleucos,1.04E-06,1.75E-06,8.49122807,0.596491228,0.005674854,0.408823529,0.082352941
Anthus spinoletta,2.75E-07,8.24E-07,1.649122807,0.333333333,0.003035553,0.247368421,0.010526316
Calidris pugnax,4.64E-07,1.02E-06,4.403508772,0.456140351,0.004400855,0.307692308,0.042307692
Charadrius dubius,5.48E-07,1.42E-06,2.719298246,0.385964912,0.003714468,0.304545455,0.031818182
Falco vespertinus,3.62E-08,2.58E-07,0.403508772,0.140350877,0.0017154,0.1375,0.0125
Sitta europaea,2.13E-07,1.73E-06,0.701754386,0.122807018,0.007834038,0.257142857,0.014285714
Sympetrum sanguineum,1.53E-07,2.90E-06,0.666666667,0.052631579,0.019230761,0.266666667,0.133333333
Amandava amandava,1.41E-09,8.06E-08,0.01754386,0.01754386,0.000806394,0.1,0
Anas crecca,1.99E-06,3.15E-06,9.947368421,0.631578947,0.009349875,0.452777778,0.091666667
Locustella luscinioides,1.32E-07,1.08E-06,0.438596491,0.122807018,0.003618638,0.242857143,0
Sterna hirundo,4.93E-07,1.22E-06,5.719298246,0.403508772,0.005736066,0.4,0.060869565
Tringa ochropus,2.47E-07,6.40E-07,1.421052632,0.385964912,0.003929493,0.240909091,0.009090909
Curruca melanocephala,1.15E-06,2.34E-06,7.543859649,0.49122807,0.005641095,0.342857143,0.085714286
Cygnus olor,2.06E-06,5.09E-06,10.15789474,0.403508772,0.017654563,0.582608696,0.152173913
Numenius arquata,8.43E-07,2.00E-06,7.298245614,0.421052632,0.005844867,0.408333333,0.120833333
Pararge aegeria,1.65E-07,5.55E-07,0.771929825,0.298245614,0.00485366,0.182352941,0
Podarcis muralis,3.25E-07,1.32E-06,1.157894737,0.245614035,0.010374044,0.192857143,0.014285714
Spinus spinus,3.80E-07,1.35E-06,1.421052632,0.280701754,0.006917762,0.25625,0.00625
Circaetus gallicus,1.35E-07,9.65E-07,0.789473684,0.140350877,0.0049279,0.2875,0.0125
Fringilla montifringilla,6.83E-08,5.56E-07,0.263157895,0.122807018,0.00399274,0.128571429,0
Ichthyaetus melanocephalus,4.73E-07,1.17E-06,3.192982456,0.403508772,0.003515695,0.317391304,0.034782609
Regulus ignicapilla,2.38E-07,7.97E-07,1.105263158,0.298245614,0.004346561,0.188235294,0.005882353
Remiz pendulinus,4.00E-07,1.14E-06,1.631578947,0.350877193,0.003639355,0.245,0.005
Vanellus vanellus,1.02E-06,1.88E-06,5.719298246,0.543859649,0.004809336,0.341935484,0.05483871
Alauda arvensis,4.91E-07,1.40E-06,1.894736842,0.350877193,0.004320947,0.295,0.005
Aythya ferina,1.29E-06,2.73E-06,6.50877193,0.473684211,0.008965135,0.462962963,0.062962963
Dama dama,1.94E-08,3.68E-07,0.368421053,0.052631579,0.003120771,0.2,0.033333333
Emberiza calandra,5.78E-07,1.50E-06,3.140350877,0.385964912,0.006687474,0.368181818,0.036363636
Mareca strepera,1.51E-06,2.97E-06,6.807017544,0.50877193,0.007829663,0.462068966,0.051724138
Netta rufina,8.17E-07,2.45E-06,3.280701754,0.333333333,0.011711285,0.273684211,0.057894737
Pimelia bipunctata,4.27E-08,1.22E-06,0.192982456,0.035087719,0.008483435,0.35,0
Ptyonoprogne rupestris,9.97E-08,1.14E-06,0.456140351,0.087719298,0.007201556,0.24,0.02
Recurvirostra avosetta,8.42E-07,1.78E-06,9.333333333,0.473684211,0.005999516,0.414814815,0.122222222
Spatula querquedula,4.39E-07,1.25E-06,2.210526316,0.350877193,0.004321873,0.335,0.01
Sympetrum fonscolombii,1.38E-07,4.61E-07,1.01754386,0.298245614,0.003159457,0.211764706,0.005882353
Tringa totanus,9.18E-07,1.87E-06,7.596491228,0.49122807,0.006202775,0.414285714,0.103571429
Calandrella brachydactyla,2.76E-08,3.15E-07,0.105263158,0.087719298,0.00315165,0.12,0
Charadrius hiaticula,5.03E-07,1.37E-06,3.614035088,0.368421053,0.004356043,0.347619048,0.038095238
Columba oenas,2.19E-08,1.39E-07,0.192982456,0.157894737,0.001311344,0.1,0
Ixobrychus minutus,2.60E-07,9.87E-07,1.175438596,0.263157895,0.00606096,0.24,0.006666667
Lanius collurio,1.63E-07,6.19E-07,1.070175439,0.263157895,0.003475563,0.206666667,0.006666667
Muscicapa striata,3.98E-07,1.03E-06,1.964912281,0.385964912,0.004376126,0.231818182,0.013636364
Nycticorax nycticorax,8.96E-07,1.76E-06,4.210526316,0.50877193,0.00886881,0.34137931,0.034482759
Podiceps nigricollis,6.57E-07,1.39E-06,5.561403509,0.473684211,0.005408902,0.333333333,0.062962963
Spatula clypeata,1.93E-06,3.55E-06,9.263157895,0.543859649,0.009003118,0.490322581,0.083870968
Apis mellifera,1.83E-07,6.51E-07,0.912280702,0.280701754,0.00556022,0.16875,0.00625
Bufo bufo,2.08E-07,2.96E-06,0.157894737,0.070175439,0.029593322,0.175,0
Falco subbuteo,2.91E-07,9.77E-07,1.543859649,0.298245614,0.005623587,0.288235294,0
Gonepteryx rhamni,2.78E-08,2.64E-07,0.157894737,0.105263158,0.002627355,0.133333333,0
Numenius phaeopus,1.71E-07,5.43E-07,1.070175439,0.315789474,0.002412257,0.216666667,0.005555556
Oriolus oriolus,4.14E-07,9.84E-07,1.771929825,0.421052632,0.004727691,0.225,0.004166667
Phoenicopterus roseus,2.93E-06,5.38E-06,27,0.543859649,0.018979171,0.65483871,0.267741935
Procambarus clarkii,1.26E-07,8.95E-07,0.50877193,0.140350877,0.008569887,0.25,0
Sympetrum striolatum,9.24E-08,4.05E-07,0.403508772,0.228070175,0.00356369,0.123076923,0
Tadorna tadorna,1.20E-06,2.21E-06,11.68421053,0.543859649,0.008736045,0.503225806,0.119354839
Theba pisana,1.81E-08,1.72E-07,0.140350877,0.105263158,0.001722356,0.133333333,0
Tringa erythropus,7.27E-07,1.66E-06,7,0.438596491,0.004808164,0.416,0.1
Vanessa cardui,9.75E-08,3.71E-07,0.754385965,0.263157895,0.003421385,0.186666667,0.013333333
Anacridium aegyptium,8.82E-08,6.28E-07,0.385964912,0.140350877,0.005906975,0.1625,0
Anser anser,1.19E-06,2.94E-06,5.087719298,0.403508772,0.007322808,0.352173913,0.065217391
Calidris minuta,6.10E-07,2.05E-06,3.614035088,0.298245614,0.006879434,0.429411765,0.058823529
Cecropis daurica,1.20E-08,2.28E-07,0.122807018,0.052631579,0.002061735,0.166666667,0
Charadrius alexandrinus,3.13E-07,7.75E-07,2.228070175,0.403508772,0.003562829,0.256521739,0.02173913
Erythromma viridulum,1.09E-08,3.11E-07,0.052631579,0.035087719,0.001608277,0.1,0
Hydrocoloeus minutus,3.67E-08,2.99E-07,0.315789474,0.122807018,0.002092402,0.157142857,0
Jynx torquilla,1.81E-07,7.95E-07,0.789473684,0.228070175,0.005742057,0.215384615,0
Larus canus,6.07E-08,3.85E-07,0.350877193,0.157894737,0.00265117,0.177777778,0
Pernis apivorus,2.04E-07,7.27E-07,0.789473684,0.280701754,0.004847725,0.20625,0
Phylloscopus trochilus,3.12E-07,8.47E-07,1.122807018,0.368421053,0.003636894,0.176190476,0
Polyommatus icarus,1.95E-07,7.96E-07,0.98245614,0.245614035,0.005563812,0.171428571,0.014285714
Sus scrofa,8.83E-08,6.29E-07,0.526315789,0.140350877,0.006149013,0.225,0
Trachemys scripta,1.98E-07,1.03E-06,0.701754386,0.192982456,0.008528609,0.163636364,0.018181818
Turdus philomelos,4.17E-07,1.25E-06,1.666666667,0.333333333,0.005212024,0.273684211,0.005263158
Aeshna mixta,8.94E-08,8.49E-07,0.403508772,0.105263158,0.006370296,0.233333333,0
Aglais io,1.29E-07,9.20E-07,0.596491228,0.140350877,0.007953046,0.25,0
Anax parthenope,5.82E-08,6.64E-07,0.245614035,0.087719298,0.005434674,0.2,0
Apus melba,8.20E-08,5.84E-07,0.333333333,0.140350877,0.003625304,0.1625,0
Calidris temminckii,5.68E-08,3.60E-07,0.315789474,0.157894737,0.001897506,0.144444444,0
Chlidonias niger,1.11E-07,5.26E-07,0.701754386,0.210526316,0.00207438,0.183333333,0.008333333
Cyprinus carpio,3.41E-08,3.89E-07,0.157894737,0.087719298,0.003437606,0.12,0
Gelochelidon nilotica,1.08E-07,3.61E-07,0.98245614,0.298245614,0.00229906,0.2,0
Haematopus ostralegus,1.95E-07,5.56E-07,2.105263158,0.350877193,0.003074653,0.235,0.02
Halyomorpha halys,7.08E-08,6.73E-07,0.298245614,0.105263158,0.006730479,0.166666667,0
Larus fuscus,1.05E-07,5.43E-07,0.50877193,0.192982456,0.002265598,0.181818182,0
Lepomis gibbosus,1.22E-08,3.48E-07,0.052631579,0.035087719,0.003482172,0.1,0
Leptotes pirithous,9.99E-08,4.74E-07,0.50877193,0.210526316,0.004408553,0.15,0
Lycaena phlaeas,9.60E-08,4.56E-07,0.543859649,0.210526316,0.003102476,0.158333333,0.008333333
Macroglossum stellatarum,4.23E-08,4.02E-07,0.280701754,0.105263158,0.003372987,0.183333333,0
Melitaea didyma,1.02E-07,1.17E-06,0.438596491,0.087719298,0.009551422,0.22,0.02
Milvus migrans,7.13E-07,2.14E-06,3.140350877,0.333333333,0.010930622,0.252631579,0.042105263
Monticola solitarius,8.35E-09,2.38E-07,0.122807018,0.035087719,0.001024438,0.2,0
Orthetrum coerulescens,4.26E-08,4.85E-07,0.175438596,0.087719298,0.004480351,0.14,0
Oryctes nasicornis,2.57E-09,7.34E-08,0.035087719,0.035087719,0.000733762,0.1,0
Oxythyrea funesta,1.79E-07,7.28E-07,0.912280702,0.245614035,0.00642156,0.185714286,0.007142857
Pluvialis squatarola,7.10E-07,1.93E-06,4.824561404,0.368421053,0.005676193,0.457142857,0.052380952
Prunella modularis,3.60E-07,1.02E-06,1.385964912,0.350877193,0.004249711,0.235,0
Thalasseus sandvicensis,7.87E-07,1.66E-06,4.035087719,0.473684211,0.003618671,0.307407407,0.037037037
Tyto alba,1.20E-08,1.14E-07,0.157894737,0.105263158,0.001136865,0.15,0
Acrocephalus schoenobaenus,1.70E-07,6.47E-07,0.666666667,0.263157895,0.003228958,0.18,0
Agrius convolvuli,1.46E-08,1.67E-07,0.087719298,0.087719298,0.001669495,0.1,0
Amata phegea,2.35E-08,6.70E-07,0.087719298,0.035087719,0.005468191,0.25,0
Ameles spallanzania,8.61E-09,2.45E-07,0.122807018,0.035087719,0.002051199,0.25,0
Anax ephippiger,3.06E-09,5.81E-08,0.052631579,0.052631579,0.000581258,0.1,0
Anthus trivialis,1.12E-07,1.06E-06,0.421052632,0.105263158,0.003696461,0.216666667,0
Argiope lobata,3.26E-09,1.86E-07,0.01754386,0.01754386,0.001857322,0.1,0
Athene noctua,9.56E-08,3.21E-07,0.543859649,0.298245614,0.002440856,0.141176471,0
Botaurus stellaris,1.63E-07,6.65E-07,0.666666667,0.245614035,0.004002928,0.178571429,0.007142857
Calidris alba,1.03E-07,3.67E-07,0.684210526,0.280701754,0.003313888,0.175,0
Calidris ferruginea,3.23E-07,1.08E-06,2.175438596,0.298245614,0.003122745,0.252941176,0.029411765
Callophrys rubi,1.01E-08,1.43E-07,0.122807018,0.070175439,0.001432369,0.125,0
Celastrina argiolus,1.80E-07,1.14E-06,0.684210526,0.157894737,0.009715573,0.155555556,0.022222222
Cerambyx cerdo,3.10E-09,1.77E-07,0.01754386,0.01754386,0.001766387,0.1,0
Certhia brachydactyla,2.99E-07,1.22E-06,1.175438596,0.245614035,0.005546715,0.307142857,0
Chalcolestes parvidens,7.25E-09,4.13E-07,0.01754386,0.01754386,0.004131152,0.1,0
Clangula hyemalis,9.01E-09,1.71E-07,0.087719298,0.052631579,0.001335204,0.1,0
Cornu aspersum,2.21E-08,2.10E-07,0.192982456,0.105263158,0.001690101,0.166666667,0
Corvus corax,3.93E-08,3.20E-07,0.438596491,0.122807018,0.002021546,0.171428571,0.014285714
Emberiza cirlus,1.47E-07,7.63E-07,0.50877193,0.192982456,0.003675798,0.181818182,0
Falco naumanni,1.63E-08,1.86E-07,0.122807018,0.087719298,0.001723616,0.14,0
Gavia stellata,3.31E-08,4.72E-07,0.122807018,0.070175439,0.001621695,0.1,0
Graphosoma italicum,5.38E-08,3.07E-07,0.350877193,0.175438596,0.002459252,0.16,0
Harmonia axyridis,1.91E-07,1.36E-06,1.035087719,0.140350877,0.010434371,0.25,0.0375
Hierophis viridiflavus,4.16E-08,2.37E-07,0.228070175,0.175438596,0.002373659,0.11,0
Hipparchia statilinus,3.92E-09,2.23E-07,0.035087719,0.01754386,0.002232417,0.1,0
Hippolais polyglotta,1.14E-07,5.88E-07,0.684210526,0.192982456,0.003527382,0.218181818,0
Hyphantria cunea,1.32E-08,7.55E-07,0.01754386,0.01754386,0.00754914,0.1,0
Lanius senator,5.43E-08,2.81E-07,0.333333333,0.192982456,0.001946258,0.154545455,0
Linaria cannabina,4.32E-07,1.45E-06,1.964912281,0.298245614,0.005479257,0.282352941,0.029411765
Maniola jurtina,2.71E-07,9.10E-07,1.122807018,0.298245614,0.006121405,0.205882353,0.011764706
Mareca penelope,1.16E-06,2.36E-06,5.526315789,0.49122807,0.006254114,0.339285714,0.060714286
Micropterus salmoides,2.64E-08,1.51E-06,0.087719298,0.01754386,0.012049794,0.3,0
Nomophila noctuella,1.91E-08,2.18E-07,0.140350877,0.087719298,0.001853938,0.12,0
Oedipoda caerulescens,4.19E-08,4.78E-07,0.228070175,0.087719298,0.004393464,0.2,0
Otus scops,4.74E-08,2.70E-07,0.333333333,0.175438596,0.002434459,0.15,0
Pieris brassicae,2.34E-08,2.22E-07,0.105263158,0.105263158,0.002219278,0.1,0
Pieris rapae,7.91E-08,4.10E-07,0.649122807,0.192982456,0.0034825,0.190909091,0.009090909
Polistes dominula,1.34E-08,1.91E-07,0.087719298,0.070175439,0.001707393,0.1,0
Pontia edusa,2.68E-08,1.91E-07,0.228070175,0.140350877,0.001910658,0.15,0
Rana dalmatina,5.73E-09,1.63E-07,0.035087719,0.035087719,0.001632751,0.1,0
Satyrium ilicis,2.27E-08,6.48E-07,0.105263158,0.035087719,0.005253699,0.2,0
Scopula imitaria,9.74E-10,5.55E-08,0.01754386,0.01754386,0.000554989,0.1,0
Sphingonotus personatus,7.72E-09,2.20E-07,0.052631579,0.035087719,0.002199536,0.15,0
Sylvia borin,1.97E-07,1.02E-06,0.614035088,0.192982456,0.004048604,0.209090909,0.009090909
Thomisus onustus,2.57E-08,7.33E-07,0.298245614,0.035087719,0.004915162,0.35,0
Tringa stagnatilis,9.49E-08,4.16E-07,1.333333333,0.228070175,0.002653942,0.246153846,0.023076923
Utetheisa pulchella,1.16E-09,6.63E-08,0.01754386,0.01754386,0.000663302,0.1,0
Vanessa atalanta,3.25E-07,9.75E-07,1.596491228,0.333333333,0.007310165,0.210526316,0.015789474
Vespa crabro,1.20E-07,8.56E-07,0.473684211,0.140350877,0.007877751,0.2,0
Vulpes vulpes,3.74E-08,2.37E-07,0.280701754,0.157894737,0.00221754,0.155555556,0
Acanthocardia tuberculata,6.49E-09,1.23E-07,0.052631579,0.052631579,0.001233582,0.1,0
Acrida ungarica,1.61E-08,1.53E-07,0.140350877,0.105263158,0.001339442,0.1,0
Acrocephalus palustris,8.98E-08,6.40E-07,0.421052632,0.140350877,0.003744685,0.25,0
Aedes albopictus,4.26E-09,1.21E-07,0.035087719,0.035087719,0.001214844,0.1,0
Agelena labyrinthica,9.97E-09,1.89E-07,0.105263158,0.052631579,0.001893464,0.2,0
Aiolopus strepens,1.81E-08,3.43E-07,0.175438596,0.052631579,0.002357012,0.2,0
Alopochen aegyptiaca,5.66E-09,1.61E-07,0.070175439,0.035087719,0.001611867,0.15,0
Ameiurus,7.27E-09,2.07E-07,0.035087719,0.035087719,0.002070848,0.1,0
Anas acuta,8.97E-07,1.89E-06,3.649122807,0.473684211,0.005562992,0.337037037,0.02962963
Anthus cervinus,8.80E-09,1.25E-07,0.070175439,0.070175439,0.001253498,0.1,0
Arachnocephalus vestitus,3.46E-09,1.97E-07,0.01754386,0.01754386,0.00197378,0.1,0
Araneus angulatus,1.65E-08,4.71E-07,0.052631579,0.035087719,0.004714018,0.15,0
Arctia villica,1.52E-08,2.16E-07,0.157894737,0.070175439,0.001960697,0.175,0
Argiope bruennichi,4.40E-08,3.58E-07,0.438596491,0.122807018,0.002861244,0.214285714,0
Asio flammeus,2.59E-08,3.69E-07,0.157894737,0.070175439,0.003491143,0.175,0
Aspitates ochrearia,1.41E-09,8.06E-08,0.01754386,0.01754386,0.000806394,0.1,0
Aythya nyroca,4.16E-07,1.32E-06,1.684210526,0.315789474,0.00339977,0.261111111,0.016666667
Bacillus rossius,1.96E-09,1.12E-07,0.01754386,0.01754386,0.001116209,0.1,0
Cacyreus marshalli,6.70E-09,1.91E-07,0.035087719,0.035087719,0.001909421,0.1,0
Calidris alpina,7.85E-07,1.72E-06,5.596491228,0.456140351,0.004527393,0.369230769,0.065384615
Camponotus vagus,1.46E-07,1.04E-06,0.614035088,0.140350877,0.006786507,0.1875,0.0125
Caretta caretta,2.66E-09,5.05E-08,0.087719298,0.052631579,0.000504969,0.133333333,0
Cetonia aurata,6.18E-08,1.17E-06,0.192982456,0.052631579,0.009730423,0.166666667,0
Chlidonias hybrida,8.39E-08,7.97E-07,0.842105263,0.105263158,0.003598659,0.316666667,0.033333333
Chlidonias leucopterus,6.23E-08,3.23E-07,0.298245614,0.192982456,0.001828827,0.145454545,0
Coccothraustes coccothraustes,6.38E-08,4.04E-07,0.263157895,0.157894737,0.003008804,0.155555556,0
Colias crocea,1.85E-07,5.87E-07,0.964912281,0.315789474,0.004648632,0.188888889,0
Colias croceus,1.85E-07,5.87E-07,0.964912281,0.315789474,0.004648632,0.188888889,0
Coreus marginatus,8.92E-08,6.35E-07,0.368421053,0.140350877,0.005624736,0.15,0
Coturnix coturnix,6.31E-08,5.14E-07,0.263157895,0.122807018,0.004205446,0.185714286,0
Curruca cantillans,1.39E-07,8.83E-07,0.421052632,0.157894737,0.004025291,0.188888889,0
Curruca communis,7.21E-08,4.11E-07,0.526315789,0.175438596,0.002614874,0.18,0.01
Curruca curruca,6.12E-08,6.98E-07,0.385964912,0.087719298,0.005110931,0.26,0
Curruca subalpina,8.33E-09,1.58E-07,0.052631579,0.052631579,0.001582881,0.1,0
Dolycoris baccarum,1.89E-08,3.59E-07,0.070175439,0.052631579,0.003322999,0.1,0
Dorcus parallelipipedus,8.65E-09,1.64E-07,0.070175439,0.052631579,0.00164294,0.133333333,0
Ematurga atomaria,5.01E-08,5.71E-07,0.157894737,0.087719298,0.005708834,0.14,0
Emys orbicularis,1.14E-08,2.16E-07,0.052631579,0.052631579,0.002161298,0.1,0
Eobania vermiculata,5.15E-08,5.87E-07,0.280701754,0.087719298,0.001453626,0.2,0.02
Episyrphus balteatus,6.07E-08,3.84E-07,0.298245614,0.157894737,0.00375395,0.144444444,0
"Erinaceus Linnaeus,",1.21E-08,3.44E-07,0.035087719,0.035087719,0.003441471,0.1,0
Eristalinus taeniops,1.20E-08,3.42E-07,0.052631579,0.035087719,0.003415645,0.1,0
Eupeodes corollae,1.41E-09,8.06E-08,0.01754386,0.01754386,0.000806394,0.1,0
Euplagia quadripunctaria,1.11E-08,1.59E-07,0.070175439,0.070175439,0.001586903,0.1,0
Eurydema ornata,5.66E-09,3.23E-07,0.070175439,0.01754386,0.000806394,0.3,0
Evarcha jucunda,8.11E-09,2.31E-07,0.087719298,0.035087719,0.002311421,0.2,0
Exochomus quadripustulatus,9.74E-10,5.55E-08,0.01754386,0.01754386,0.000554989,0.1,0
Gambusia holbrooki,5.15E-08,5.87E-07,0.210526316,0.087719298,0.004777669,0.14,0
Gavia arctica,3.70E-08,5.28E-07,0.175438596,0.070175439,0.003802135,0.175,0
Glareola pratincola,1.13E-08,1.61E-07,0.140350877,0.070175439,0.000815032,0.1,0
Glycaspis brimblecombei,4.81E-10,2.74E-08,0.01754386,0.01754386,0.000274079,0.1,0
Gulosus aristotelis,5.33E-08,2.53E-07,0.438596491,0.210526316,0.001875606,0.166666667,0
Helicoverpa armigera,9.96E-09,1.89E-07,0.070175439,0.052631579,0.001868739,0.1,0
Hippodamia variegata,2.53E-08,3.61E-07,0.122807018,0.070175439,0.003605067,0.125,0
Idaea aversata,4.97E-08,1.42E-06,0.035087719,0.035087719,0.014174029,0.1,0
Iphiclides podalirius,9.90E-08,5.13E-07,0.526315789,0.192982456,0.00483109,0.163636364,0
Lacerta bilineata,7.90E-08,3.46E-07,0.350877193,0.228070175,0.002684141,0.123076923,0
Lampides boeticus,1.87E-08,2.13E-07,0.105263158,0.087719298,0.00213434,0.1,0
Lanius excubitor,9.18E-08,1.31E-06,0.596491228,0.070175439,0.008962556,0.25,0.05
Lasiocampa quercus,2.29E-08,2.61E-07,0.105263158,0.087719298,0.002614353,0.12,0
Lestes virens,1.49E-08,2.82E-07,0.052631579,0.052631579,0.002823131,0.1,0
Limosa limosa,2.36E-07,7.47E-07,1.789473684,0.315789474,0.003605012,0.266666667,0.022222222
Lindenia tetraphylla,2.89E-09,1.64E-07,0.105263158,0.01754386,0.000822237,0.2,0
Linepithema humile,1.96E-09,1.12E-07,0.01754386,0.01754386,0.001116209,0.1,0
Locusta migratoria,1.24E-08,1.77E-07,0.105263158,0.070175439,0.001485501,0.125,0
Lucanus cervus,1.64E-08,4.68E-07,0.087719298,0.035087719,0.004675706,0.25,0
Luscinia svecica,9.10E-08,7.41E-07,0.315789474,0.122807018,0.003377721,0.171428571,0
Megascolia maculata,4.94E-08,4.02E-07,0.245614035,0.122807018,0.003360581,0.157142857,0
Meles meles,6.89E-09,9.82E-08,0.087719298,0.070175439,0.000982467,0.125,0
Mergus merganser,2.14E-08,1.22E-06,0.385964912,0.01754386,0.009989804,0.8,0
Mesosa curculionoides,3.26E-09,1.86E-07,0.01754386,0.01754386,0.001857322,0.1,0
Milvus milvus,7.77E-08,3.69E-07,0.684210526,0.210526316,0.002995972,0.166666667,0.016666667
Mugilidae indet.,9.32E-09,1.33E-07,0.070175439,0.070175439,0.001328661,0.1,0
Myathropa florea,2.65E-08,1.51E-06,0.035087719,0.01754386,0.015098281,0.1,0
Neoscona subfusca,2.58E-09,7.35E-08,0.035087719,0.035087719,0.000734848,0.1,0
Nezara viridula,9.76E-08,6.96E-07,0.526315789,0.140350877,0.006098925,0.2,0
Nymphalis polychloros,1.93E-08,3.66E-07,0.087719298,0.052631579,0.003657662,0.133333333,0
Ochlodes sylvanus,2.50E-07,1.10E-06,1,0.228070175,0.009290325,0.238461538,0.007692308
Orthetrum brunneum,2.77E-08,3.95E-07,0.140350877,0.070175439,0.002187404,0.15,0
Pachygrapsus marmoratus,1.37E-08,1.95E-07,0.122807018,0.070175439,0.001952303,0.175,0
Palpita vitrealis,1.96E-09,1.12E-07,0.01754386,0.01754386,0.001116209,0.1,0
Panurus biarmicus,1.57E-07,1.28E-06,0.50877193,0.122807018,0.003792134,0.242857143,0
Pelophylax,1.03E-07,5.87E-07,0.421052632,0.175438596,0.004033463,0.16,0
Periparus ater,1.80E-07,8.56E-07,0.473684211,0.210526316,0.005397403,0.166666667,0
Phaneroptera nana,2.25E-08,2.57E-07,0.140350877,0.087719298,0.002565514,0.14,0
Philaeus chrysops,1.41E-09,8.06E-08,0.01754386,0.01754386,0.000806394,0.1,0
Phoenicurus phoenicurus,1.70E-07,5.10E-07,1.175438596,0.333333333,0.004005352,0.147368421,0.010526316
Pimelia spec.,4.27E-08,1.22E-06,0.192982456,0.035087719,0.008483435,0.35,0
Platalea leucorodia,1.51E-06,3.07E-06,10.70175439,0.49122807,0.00788231,0.428571429,0.139285714
Podiceps grisegena,1.05E-08,2.00E-07,0.070175439,0.052631579,0.00199518,0.133333333,0
Poecile palustris,1.83E-07,1.49E-06,0.754385965,0.122807018,0.004764244,0.271428571,0.014285714
Polygonia c-album,1.40E-07,8.00E-07,0.631578947,0.175438596,0.00615394,0.18,0.01
Porzana porzana,3.71E-08,3.02E-07,0.175438596,0.122807018,0.002015049,0.128571429,0
Puffinus yelkouan,1.24E-07,1.41E-06,0.350877193,0.087719298,0.004194623,0.24,0
Pyrgus malvoides,2.72E-08,3.10E-07,0.140350877,0.087719298,0.003096124,0.12,0
Regulus regulus,1.83E-07,6.12E-07,0.789473684,0.298245614,0.003065993,0.182352941,0.005882353
Rhizostoma pulmo,8.60E-09,1.63E-07,0.122807018,0.052631579,0.001634416,0.133333333,0
Ruspolia nitidula,1.41E-08,2.00E-07,0.087719298,0.070175439,0.002002897,0.125,0
Saturnia pavoniella,8.05E-09,2.29E-07,0.105263158,0.035087719,0.001487085,0.2,0
Sceliphron caementarium,4.31E-08,4.10E-07,0.192982456,0.105263158,0.004098338,0.116666667,0
Silurus glanis,5.28E-09,3.01E-07,0.01754386,0.01754386,0.003012449,0.1,0
Sternula albifrons,3.19E-07,1.14E-06,3.315789474,0.280701754,0.005628771,0.375,0.05625
Tadorna ferruginea,2.25E-08,1.61E-07,0.192982456,0.140350877,0.001376609,0.1,0
Tropidopola cylindrica,7.07E-09,4.03E-07,0.087719298,0.01754386,0.001612788,0.2,0
Turdus iliacus,5.67E-08,8.07E-07,0.228070175,0.070175439,0.004713133,0.175,0
Turdus pilaris,1.23E-07,1.76E-06,0.561403509,0.070175439,0.00849349,0.325,0.025
Xylocopa violacea,2.71E-08,3.86E-07,0.087719298,0.070175439,0.003859297,0.125,0
Zapornia parva,7.34E-08,4.18E-07,0.245614035,0.175438596,0.004182357,0.13,0
Zoropsis spinimana,9.03E-09,2.57E-07,0.035087719,0.035087719,0.002574352,0.1,0
