specie,A,Aloc,IntraDO,InterDO,E,TR,TRMO,cluster,distance,clusterunif
centroide 1,1.051963915,1.137933739,1.078758172,1.368847683,0.630866142,1.270572652,1.235836581,1,0,high
Carduelis carduelis,1.238728466,1.118138836,1.065242411,1.660331315,0.655783584,1.329432428,0.767132993,1,0.344186626,high
Sylvia atricapilla,1.160446198,1.522973271,0.887559602,1.084837991,0.916156495,1.546628972,1.104765346,1,0.452019592,high
Garrulus glandarius,0.980371431,1.055531783,0.713502972,1.331477987,0.496497771,0.95109006,0.723567528,1,0.52926699,high
Buteo buteo,1.476515971,1.385863254,1.224794321,1.660331315,1.172149616,1.215118457,1.152998539,1,0.650927866,high
Fringilla coelebs,1.367809483,1.263470864,1.097878029,1.660331315,1.143189509,1.283706839,0.767132993,1,0.683177063,high
Curruca melanocephala,0.720528355,0.903845131,0.978214096,1.084837991,0.148453767,0.803588162,1.345931312,1,0.718334685,high
Alcedo atthis,1.475590678,1.146184595,1.445991288,1.989184644,0.784506453,1.342915614,1.263481409,1,0.728808903,high
Phylloscopus collybita,1.117803427,0.830104528,0.91656904,1.906971312,0.349552081,0.987092168,0.838213488,1,0.732578928,high
Parus major,1.622219384,1.5499104,1.326327355,1.660331315,0.678984099,1.306569634,1.538864086,1,0.736606067,high
Cisticola juncidis,0.886470219,0.631617464,1.344458254,1.824757979,0.266307944,1.044574371,1.241643327,1,0.746206686,high
Cyanistes caeruleus,1.21350378,1.428342831,0.767895669,1.249264655,1.009745031,1.234170786,0.617074169,1,0.749109397,high
Columba livia,1.186430988,0.951087208,1.116008928,1.824757979,-0.013419996,0.979693469,0.998304694,1,0.818371561,high
Aythya ferina,0.885443687,1.212899066,0.764269489,1.002624659,1.03206022,1.764672287,0.833825803,1,0.833075026,high
Mareca strepera,1.135427587,1.403981711,0.825914545,1.167051323,0.730225663,1.757518539,0.580853074,1,0.858391386,high
Picus viridis,0.710859011,1.110091743,0.535820163,0.838197995,0.429456332,0.908757016,1.127274169,1,0.876760769,high
Tringa nebularia,0.647133604,0.631928227,1.40610331,1.331477987,0.381676068,1.493159534,1.740095043,1,0.894397701,high
Actitis hypoleucos,0.602596687,0.441443244,1.174027804,1.578117983,0.157427822,1.331449733,1.270271401,1,0.968935894,high
Mareca penelope,0.732335809,0.920462613,0.561203421,1.084837991,0.311408505,0.77500967,0.783210724,1,1.050486259,high
Bubulcus ibis,1.328769048,0.903212391,1.07249477,2.153611308,0.605529426,0.811952599,0.84399239,1,1.112124541,high
Streptopelia decaocto,1.313604229,0.934400121,1.518514883,2.071397976,0.080397385,1.28084899,1.498669758,1,1.169047199,high
Rallus aquaticus,0.97734033,1.189166087,0.568455781,1.167051323,0.176562092,1.150471936,0.425619808,1,1.186591306,high
Tringa totanus,0.45820167,0.534653848,0.989092635,1.084837991,0.297761304,1.375158016,1.74787459,1,1.189281498,high
Aegithalos caudatus,1.416974575,1.786559616,0.811409826,1.167051323,1.291377879,1.564367347,1.046552871,1,1.224564621,high
Phasianus colchicus,0.432460602,0.811538463,0.633727017,0.673771331,0.437752894,1.330426462,1.373892584,1,1.23143676,high
Anser anser,0.765028364,1.38133435,0.470548927,0.673771331,0.595492016,0.878140752,0.884570333,1,1.273267592,high
Motacilla alba,0.964603603,0.671234611,0.876681062,1.906971312,0.189329934,0.776513801,0.601278503,1,1.397564422,high
Passer italiae,1.647561793,1.652570756,1.536645782,1.578117983,0.532707542,1.896295236,1.733688357,1,1.522063467,high
Spatula clypeata,1.614980192,1.862230502,1.333579715,1.331477987,1.042157006,1.983603344,1.304440393,1,1.590203069,high
Sturnus vulgaris,1.786163916,1.399947276,1.612795558,2.071397976,0.499511328,1.220834156,1.667485935,1,1.592522748,high
Falco tinnunculus,1.662187234,1.172110418,1.73971185,2.23582464,0.568897676,1.622838286,1.399523749,1,1.716774009,high
Vanellus vanellus,0.575288876,0.540601013,0.601091399,1.331477987,-0.072646781,0.796213068,0.650958419,1,1.875617429,high
Numenius arquata,0.371962402,0.63914496,0.927447579,0.755984663,0.202621261,1.327527195,2.136419759,1,2.107375838,high
Recurvirostra avosetta,0.370566192,0.46143686,1.348084434,1.002624659,0.243730541,1.379391867,2.167682013,1,2.158658326,high
Tringa erythropus,0.239505257,0.367117156,0.865802523,0.838197995,-0.072958327,1.388875693,1.667485935,1,2.276872132,high
Tadorna tadorna,0.78189983,0.803239668,1.833992524,1.331477987,0.971162836,2.086854672,2.103140584,1,2.291064562,high
Platalea leucorodia,1.130406833,1.480696705,1.630926457,1.084837991,0.74422041,1.489471987,2.551761145,1,2.30161463,high
Calidris alpina,0.3062615,0.417948673,0.57570814,0.920411327,-0.147593848,1.014629339,0.88833435,1,2.320869822,high
Hirundo rustica,1.902207759,1.34290929,1.917394659,2.318037972,0.679803232,1.353890301,1.510447631,1,2.45395083,high
Cettia cetti,2.076623851,1.824411941,1.73971185,1.906971312,0.315113637,1.555653759,1.608252188,1,2.567281378,high
Erithacus rubecula,2.12229022,1.799623433,1.659935895,1.989184644,1.065879239,1.322397722,1.609771002,1,2.637766325,high
Ardea purpurea,0.706895645,0.707896231,0.441539489,1.331477987,1.245234725,1.235031213,-0.147741771,1,3.00444952,high
Himantopus himantopus,1.259705575,1.141756915,2.261881738,1.660331315,1.378669763,1.786688311,2.246284254,1,3.374505425,high
Galerida cristata,0.342391649,1.510079597,0.144192747,0.016064674,0.532551777,0.834071888,1.517427111,1,3.624911603,high
Ischnura elegans,0.572316337,3.225386851,0.202211623,-0.312788654,3.704684321,0.387900996,0.644357591,1,18.76107177,high
centroide 2,2.63283634,2.461837611,2.388495849,1.872715757,1.839528271,2.011541925,2.341065644,2,0,high
Podiceps cristatus,2.539195588,2.391833477,2.544723761,1.824757979,2.384663492,2.363819384,2.397501833,2,0.464833139,high
Turdus merula,2.778084259,2.646259089,1.917394659,1.824757979,1.736475083,1.628502492,1.849989909,2,0.677839063,high
Circus aeruginosus,2.591745479,1.974821244,2.359788593,2.318037972,1.897309207,1.837730828,1.772178137,2,0.795191312,high
Tachybaptus ruficollis,2.41686482,2.1772456,1.775973648,1.906971312,2.006390177,1.87152131,1.785953427,2,0.859591442,high
Gallinula chloropus,2.474123867,2.155123561,1.979039716,1.989184644,1.576827657,1.855862919,1.609771002,2,0.928521903,high
Ardea alba,2.805070787,2.579819493,3.117660167,1.906971312,2.281989981,2.566429921,3.089095843,2,1.639660707,high
Columba palumbus,2.273413315,1.879966156,2.294517356,2.071397976,0.994796095,1.380873715,2.005118288,2,1.740241349,high
Anas crecca,2.204722145,2.03560641,1.659935895,1.824757979,1.214803362,1.758264296,1.667485935,2,1.80619475,high
Pica pica,2.97400043,2.660209369,2.831191964,1.989184644,0.709719218,1.876380811,2.994929375,2,2.087563943,high
Chroicocephalus ridibundus,2.894680823,2.982571879,3.433137808,1.660331315,2.096107252,2.518297723,3.210948121,2,2.55544042,high
Corvus cornix,3.885271959,2.9779286,3.23007174,2.482464636,1.833347539,1.758744896,2.867956524,2,3.256547104,high
Cygnus olor,1.75686261,3.08066645,1.518514883,0.673771331,3.34191019,2.722074802,2.841859337,2,6.357416448,high
centroide 3,5.273084651,4.359054042,4.866687547,2.37284686,3.431852621,2.522388163,4.077068374,3,0,high
Phalacrocorax carbo,5.062593802,4.362535522,4.789329046,2.23582464,3.47208485,2.499245395,4.132738038,3,0.074331276,high
Anas platyrhynchos,5.138403226,3.9662243,4.600767697,2.564677968,3.079107542,2.374162717,3.91836829,3,0.451552424,high
Ardea cinerea,5.618256926,4.748402305,5.2099659,2.318037972,3.74436547,2.693756376,4.180098796,3,0.529226624,high
centroide 4,3.641450214,3.390598175,4.419458708,1.948077978,2.474102911,2.748023573,4.048809916,4,0,high
Larus michahellis,3.635596998,3.441084385,4.035083651,1.906971312,1.77236976,2.587487758,3.740667051,4,0.765170247,high
Egretta garzetta,4.191248347,3.245871589,5.188208821,2.482464636,1.945879126,2.523378344,3.768309466,4,1.607935957,high
Fulica atra,3.987742562,3.568855676,3.454894886,2.071397976,2.484141136,2.581170407,3.243103583,4,1.774388754,high
Phoenicopterus roseus,2.75121295,3.306581049,4.999647473,1.331477987,3.694021621,3.300057781,5.443159562,4,5.253550177,high
centroide 5,-0.523295406,-0.617121062,-0.514079756,-0.653446974,-0.551624338,-0.675763313,-0.540069214,5,0,low
Megascolia maculata,-0.534533495,-0.624311915,-0.530276693,-0.641641982,-0.457759259,-0.682493457,-0.58339642,5,0.011312896,low
Coccothraustes coccothraustes,-0.518101962,-0.622939067,-0.526650513,-0.477215318,-0.551269724,-0.695195009,-0.58339642,5,0.033531405,low
Macroglossum stellatarum,-0.542594053,-0.62432218,-0.523024333,-0.723855314,-0.454461396,-0.472917844,-0.58339642,5,0.057925802,low
Apus melba,-0.497266841,-0.480440748,-0.512145794,-0.55942865,-0.387389835,-0.639625718,-0.58339642,5,0.058358324,low
Larus canus,-0.521571867,-0.638132015,-0.508519614,-0.477215318,-0.64633699,-0.517373277,-0.58339642,5,0.067468079,low
Hydrocoloeus minutus,-0.549065856,-0.706121677,-0.515771974,-0.641641982,-0.794870532,-0.682493457,-0.58339642,5,0.069818699,low
Gonepteryx rhamni,-0.559213013,-0.733471138,-0.548407592,-0.723855314,-0.652667605,-0.873016741,-0.58339642,5,0.071959053,low
Phaneroptera nana,-0.565239205,-0.739281884,-0.552033771,-0.806068647,-0.669106332,-0.819670222,-0.58339642,5,0.077804895,low
Episyrphus balteatus,-0.521622044,-0.638351714,-0.519398153,-0.477215318,-0.353192771,-0.784105875,-0.58339642,5,0.084529867,low
Luscinia svecica,-0.486994503,-0.356691692,-0.515771974,-0.641641982,-0.453203103,-0.568179486,-0.58339642,5,0.0924217,low
Asio flammeus,-0.561344518,-0.650261425,-0.548407592,-0.888281979,-0.423052825,-0.539600993,-0.58339642,5,0.095819956,low
Graphosoma italicum,-0.529435396,-0.699494971,-0.508519614,-0.395001986,-0.697353184,-0.659630663,-0.58339642,5,0.097022293,low
Vulpes vulpes,-0.548221357,-0.754816574,-0.523024333,-0.477215318,-0.761605783,-0.695195009,-0.58339642,5,0.097066003,low
Otus scops,-0.536841184,-0.728678533,-0.512145794,-0.395001986,-0.703943807,-0.739650442,-0.58339642,5,0.108586142,low
Orthetrum brunneum,-0.559287573,-0.62999722,-0.552033771,-0.888281979,-0.769616775,-0.739650442,-0.58339642,5,0.111528733,low
Pyrgus malvoides,-0.559922327,-0.697378063,-0.552033771,-0.806068647,-0.528058001,-0.979709781,-0.58339642,5,0.127332674,low
Calandrella brachydactyla,-0.559365943,-0.692993038,-0.559286131,-0.806068647,-0.513298,-0.979709781,-0.58339642,5,0.128124242,low
Gavia arctica,-0.548648553,-0.525185789,-0.544781412,-0.888281979,-0.340383897,-0.539600993,-0.58339642,5,0.130224896,low
Pontia edusa,-0.560313828,-0.790997763,-0.533902872,-0.55942865,-0.843182069,-0.739650442,-0.58339642,5,0.131800594,low
Cyprinus carpio,-0.551974405,-0.634738231,-0.548407592,-0.806068647,-0.43728413,-0.979709781,-0.58339642,5,0.13293901,low
Calidris temminckii,-0.526051965,-0.657748086,-0.515771974,-0.477215318,-0.846678319,-0.784105875,-0.58339642,5,0.133390823,low
Porzana porzana,-0.548576353,-0.703366028,-0.544781412,-0.641641982,-0.815432593,-0.911121398,-0.58339642,5,0.13602474,low
Fringilla montifringilla,-0.512934649,-0.502721451,-0.526650513,-0.641641982,-0.289716851,-0.911121398,-0.58339642,5,0.139358205,low
Curruca communis,-0.508583314,-0.617324378,-0.472257816,-0.395001986,-0.655985372,-0.499591104,-0.358308185,5,0.143724318,low
Lasiocampa quercus,-0.564749825,-0.735424942,-0.559286131,-0.806068647,-0.65612386,-0.979709781,-0.58339642,5,0.14623212,low
Hippodamia variegata,-0.562047338,-0.657185327,-0.555659951,-0.888281979,-0.392769183,-0.939699891,-0.58339642,5,0.156757974,low
Coturnix coturnix,-0.518842114,-0.53597746,-0.526650513,-0.641641982,-0.233174768,-0.453865515,-0.58339642,5,0.159427506,low
Falco columbarius,-0.550517707,-0.742744006,-0.537529052,-0.55942865,-0.801457951,-0.939699891,-0.58339642,5,0.15986809,low
Coracias garrulus,-0.544800849,-0.682111868,-0.504893434,-0.641641982,-0.752530167,-0.339551545,-0.58339642,5,0.160188788,low
Cornu aspersum,-0.565702592,-0.776092987,-0.541155232,-0.723855314,-0.901811362,-0.606284143,-0.58339642,5,0.162096412,low
Corvus corax,-0.546071576,-0.689265414,-0.490388715,-0.641641982,-0.813705592,-0.568179486,-0.261841798,5,0.164095543,low
Pelophylax,-0.473311705,-0.478331589,-0.494014895,-0.395001986,-0.278891674,-0.659630663,-0.58339642,5,0.165477914,low
Nymphalis polychloros,-0.568955908,-0.653031759,-0.562912311,-0.970495311,-0.378788267,-0.873016741,-0.58339642,5,0.176937195,low
Arctia villica,-0.57361296,-0.771125279,-0.548407592,-0.888281979,-0.829880763,-0.539600993,-0.58339642,5,0.180419097,low
Xylocopa violacea,-0.560009366,-0.637108034,-0.562912311,-0.888281979,-0.325188983,-0.939699891,-0.58339642,5,0.182092226,low
Pachygrapsus marmoratus,-0.575296306,-0.787708939,-0.555659951,-0.888281979,-0.832111881,-0.539600993,-0.58339642,5,0.187771395,low
Cecropis daurica,-0.57722162,-0.761605801,-0.555659951,-0.970495311,-0.803022319,-0.606284143,-0.58339642,5,0.195937983,low
Falco naumanni,-0.572345988,-0.795292465,-0.555659951,-0.806068647,-0.892902227,-0.819670222,-0.58339642,5,0.198230339,low
Sceliphron caementarium,-0.541666499,-0.618230248,-0.541155232,-0.723855314,-0.261646322,-1.006383041,-0.58339642,5,0.201303044,low
Theba pisana,-0.570236199,-0.805868526,-0.552033771,-0.723855314,-0.893237083,-0.873016741,-0.58339642,5,0.201712315,low
Orthetrum coerulescens,-0.542329753,-0.558725986,-0.544781412,-0.806068647,-0.160098645,-0.819670222,-0.58339642,5,0.203887071,low
Lycaena phlaeas,-0.481301916,-0.581829803,-0.468631636,-0.230575322,-0.526369444,-0.672967293,-0.395822891,5,0.205347521,low
Larus fuscus,-0.471249315,-0.513084777,-0.475883996,-0.312788654,-0.748830997,-0.485042053,-0.58339642,5,0.208181663,low
Lanius senator,-0.528914227,-0.719663671,-0.512145794,-0.312788654,-0.833718973,-0.703277815,-0.58339642,5,0.208810067,low
Argiope bruennichi,-0.540687136,-0.658953769,-0.490388715,-0.641641982,-0.590494641,-0.225237574,-0.58339642,5,0.20911466,low
Zapornia parva,-0.507129414,-0.611595079,-0.530276693,-0.395001986,-0.239312334,-0.899690001,-0.58339642,5,0.216907224,low
Falco vespertinus,-0.549621602,-0.738329969,-0.497641075,-0.55942865,-0.895086324,-0.839675167,-0.302036126,5,0.225987325,low
Ruspolia nitidula,-0.574890732,-0.783713383,-0.562912311,-0.888281979,-0.818662835,-0.939699891,-0.58339642,5,0.2307965,low
Chlidonias leucopterus,-0.519742051,-0.686805249,-0.519398153,-0.312788654,-0.86493462,-0.776023069,-0.58339642,5,0.231037487,low
Pieris rapae,-0.500578795,-0.618154765,-0.446874558,-0.312788654,-0.425350406,-0.412296799,-0.378770752,5,0.232458646,low
Nomophila noctuella,-0.569137297,-0.77000386,-0.552033771,-0.806068647,-0.858259767,-0.979709781,-0.58339642,5,0.238494499,low
Sphingonotus personatus,-0.582130441,-0.768184222,-0.57016467,-1.052708643,-0.766391652,-0.739650442,-0.58339642,5,0.240920849,low
Podiceps grisegena,-0.578951063,-0.784322856,-0.56653849,-0.970495311,-0.820714321,-0.873016741,-0.58339642,5,0.24752114,low
Aiolopus strepens,-0.570311406,-0.670836876,-0.544781412,-0.970495311,-0.724531025,-0.339551545,-0.58339642,5,0.251370455,low
Hierophis viridiflavus,-0.543376854,-0.75443327,-0.533902872,-0.395001986,-0.720105925,-1.05972956,-0.58339642,5,0.264138045,low
Emberiza cirlus,-0.422817057,-0.33958096,-0.475883996,-0.312788654,-0.373967267,-0.485042053,-0.58339642,5,0.274445295,low
Oedipoda caerulescens,-0.543069562,-0.564556629,-0.533902872,-0.806068647,-0.183195232,-0.339551545,-0.58339642,5,0.277495974,low
Gambusia holbrooki,-0.532114127,-0.478213733,-0.537529052,-0.806068647,-0.081064689,-0.819670222,-0.58339642,5,0.287229089,low
Pieris brassicae,-0.564261027,-0.766625166,-0.559286131,-0.723855314,-0.761143868,-1.13974934,-0.58339642,5,0.292089323,low
Gulosus aristotelis,-0.530006707,-0.741769931,-0.490388715,-0.230575322,-0.852499891,-0.606284143,-0.58339642,5,0.292194782,low
Papilio machaon,-0.508821061,-0.647681873,-0.439622198,-0.312788654,-0.603016019,-0.266806291,-0.58339642,5,0.294499686,low
Milvus milvus,-0.502213587,-0.650500978,-0.439622198,-0.230575322,-0.554680769,-0.606284143,-0.208249361,5,0.300864135,low
Curruca cantillans,-0.431611682,-0.244242132,-0.494014895,-0.477215318,-0.281063959,-0.428462411,-0.58339642,5,0.315142699,low
Dorcus parallelipipedus,-0.581068793,-0.81214025,-0.56653849,-0.970495311,-0.914347718,-0.873016741,-0.58339642,5,0.316996227,low
Tyto alba,-0.577276364,-0.852106477,-0.548407592,-0.723855314,-1.048874104,-0.739650442,-0.58339642,5,0.317483965,low
Rhizostoma pulmo,-0.581120041,-0.81281342,-0.555659951,-0.970495311,-0.916613608,-0.873016741,-0.58339642,5,0.317891077,low
Chlidonias niger,-0.464399874,-0.526325722,-0.435996018,-0.230575322,-0.799661191,-0.472917844,-0.395822891,5,0.320105548,low
Lampides boeticus,-0.569559702,-0.773332951,-0.559286131,-0.806068647,-0.783722282,-1.13974934,-0.58339642,5,0.322909266,low
Locusta migratoria,-0.576739879,-0.801930447,-0.559286131,-0.888281979,-0.956198747,-0.939699891,-0.58339642,5,0.329422132,low
Leptotes pirithous,-0.476845958,-0.567197023,-0.475883996,-0.230575322,-0.179184246,-0.739650442,-0.58339642,5,0.329599745,low
Dolycoris baccarum,-0.569351898,-0.658233282,-0.56653849,-0.970495311,-0.467749278,-1.13974934,-0.58339642,5,0.331278287,low
Evarcha jucunda,-0.581681995,-0.759348384,-0.562912311,-1.052708643,-0.736650205,-0.339551545,-0.58339642,5,0.334582275,low
Lestes virens,-0.573973265,-0.718937129,-0.57016467,-0.970495311,-0.600625855,-1.13974934,-0.58339642,5,0.336161351,low
Agelena labyrinthica,-0.579562598,-0.792355658,-0.559286131,-0.970495311,-0.847752747,-0.339551545,-0.58339642,5,0.339044059,low
Lacerta bilineata,-0.500674663,-0.668250487,-0.508519614,-0.14836199,-0.637572579,-0.95508831,-0.58339642,5,0.345554473,low
Alopochen aegyptiaca,-0.584485893,-0.814594191,-0.56653849,-1.052708643,-0.922607686,-0.739650442,-0.58339642,5,0.348489168,low
Callophrys rubi,-0.579464233,-0.828769709,-0.555659951,-0.888281979,-0.970322502,-0.939699891,-0.58339642,5,0.351674395,low
Sympetrum striolatum,-0.485366798,-0.621848319,-0.497641075,-0.14836199,-0.403768134,-0.95508831,-0.58339642,5,0.358603155,low
Iphiclides podalirius,-0.47790907,-0.536942698,-0.472257816,-0.312788654,-0.066864183,-0.630532561,-0.58339642,5,0.365201131,low
Araneus angulatus,-0.572052086,-0.569608267,-0.57016467,-1.052708643,-0.097984654,-0.739650442,-0.58339642,5,0.378937852,low
Turdus iliacus,-0.526219129,-0.304219956,-0.533902872,-0.888281979,-0.098219816,-0.539600993,-0.58339642,5,0.379449171,low
Eristalinus taeniops,-0.577256124,-0.67214452,-0.57016467,-1.052708643,-0.443121854,-1.13974934,-0.58339642,5,0.397427807,low
Hippolais polyglotta,-0.461222818,-0.477165833,-0.439622198,-0.312788654,-0.413419723,-0.194061037,-0.58339642,5,0.398047337,low
Emys orbicularis,-0.577952329,-0.771204016,-0.57016467,-0.970495311,-0.776556285,-1.13974934,-0.58339642,5,0.398148762,low
"Erinaceus Linnaeus,",-0.577152611,-0.670104982,-0.57379085,-1.052708643,-0.436256764,-1.13974934,-0.58339642,5,0.399153146,low
Hieraaetus pennatus,-0.498705087,-0.578397823,-0.475883996,-0.395001986,-0.264481379,-0.179511986,-0.58339642,5,0.400950606,low
Lepomis gibbosus,-0.576989476,-0.666890706,-0.57016467,-1.052708643,-0.425437506,-1.13974934,-0.58339642,5,0.400998865,low
Agrius convolvuli,-0.574217592,-0.810043108,-0.562912311,-0.806068647,-0.907288731,-1.13974934,-0.58339642,5,0.409147418,low
Zoropsis spinimana,-0.580628135,-0.73858396,-0.57379085,-1.052708643,-0.666757121,-1.13974934,-0.58339642,5,0.41143141,low
Gavia stellata,-0.55310929,-0.569131207,-0.555659951,-0.888281979,-0.919995259,-1.13974934,-0.58339642,5,0.412925701,low
Polistes dominula,-0.575643502,-0.791129374,-0.562912311,-0.888281979,-0.897214579,-1.13974934,-0.58339642,5,0.427144208,low
Acrocephalus melanopogon,-0.422393779,-0.277682267,-0.468631636,-0.395001986,-0.540380269,-0.179511986,-0.58339642,5,0.442528233,low
Helicoverpa armigera,-0.579570108,-0.792454315,-0.56653849,-0.970495311,-0.854325331,-1.13974934,-0.58339642,5,0.445968329,low
Tadorna ferruginea,-0.565195576,-0.815044294,-0.541155232,-0.55942865,-0.985144746,-1.13974934,-0.58339642,5,0.455601981,low
Euplagia quadripunctaria,-0.578225447,-0.816565674,-0.56653849,-0.888281979,-0.929243702,-1.13974934,-0.58339642,5,0.460451525,low
Saturnia pavoniella,-0.581753907,-0.760765294,-0.559286131,-1.052708643,-0.955777558,-0.339551545,-0.58339642,5,0.463759984,low
Acrida ungarica,-0.572603554,-0.821416686,-0.552033771,-0.723855314,-0.995024542,-1.13974934,-0.58339642,5,0.464329858,low
Silurus glanis,-0.584909323,-0.70398616,-0.57741703,-1.134921975,-0.550300868,-1.13974934,-0.58339642,5,0.464333638,low
Ameiurus,-0.582646242,-0.778347146,-0.57379085,-1.052708643,-0.80060007,-1.13974934,-0.58339642,5,0.471640862,low
Meles meles,-0.583070756,-0.864299745,-0.562912311,-0.888281979,-1.089916666,-0.939699891,-0.58339642,5,0.483500886,low
Tropidopola cylindrica,-0.58286614,-0.623471653,-0.562912311,-1.134921975,-0.922362989,-0.339551545,-0.58339642,5,0.490154545,low
Eobania vermiculata,-0.532087529,-0.478004103,-0.523024333,-0.806068647,-0.964671871,-0.339551545,-0.133219949,5,0.491977152,low
Cacyreus marshalli,-0.583293259,-0.791095468,-0.57379085,-1.052708643,-0.843510943,-1.13974934,-0.58339642,5,0.499200201,low
Columba oenas,-0.565896495,-0.832207011,-0.541155232,-0.477215318,-1.002493602,-1.13974934,-0.58339642,5,0.500310869,low
Curruca subalpina,-0.581429879,-0.816883281,-0.57016467,-0.970495311,-0.930312767,-1.13974934,-0.58339642,5,0.507514933,low
Botaurus stellaris,-0.404424462,-0.416876313,-0.443248378,-0.066148658,-0.28700856,-0.511022501,-0.422619109,5,0.515120229,low
Hipparchia statilinus,-0.586472554,-0.765587508,-0.57379085,-1.134921975,-0.757651108,-1.13974934,-0.58339642,5,0.521024539,low
Mugilidae indet.,-0.580295581,-0.836959824,-0.56653849,-0.888281979,-0.997890445,-1.13974934,-0.58339642,5,0.525791217,low
Anthus trivialis,-0.463552894,-0.105200641,-0.494014895,-0.723855314,-0.368474644,-0.206185246,-0.58339642,5,0.526916237,low
Erythromma viridulum,-0.578463145,-0.695926719,-0.57016467,-1.052708643,-0.923561866,-1.13974934,-0.58339642,5,0.527307013,low
Coreus marginatus,-0.489082602,-0.440126801,-0.504893434,-0.55942865,0.144105384,-0.739650442,-0.58339642,5,0.531419977,low
Acrocephalus schoenobaenus,-0.39638497,-0.43075659,-0.443248378,0.016064674,-0.492747748,-0.499591104,-0.58339642,5,0.540481253,low
Chalcolestes parvidens,-0.582667372,-0.615638905,-0.57741703,-1.134921975,-0.252923858,-1.13974934,-0.58339642,5,0.54573927,low
Anthus cervinus,-0.580898104,-0.842895638,-0.56653849,-0.888281979,-1.017870404,-1.13974934,-0.58339642,5,0.546737302,low
Rana dalmatina,-0.584402189,-0.812944946,-0.57379085,-1.052708643,-0.917056323,-1.13974934,-0.58339642,5,0.555757143,low
Clangula hyemalis,-0.58065588,-0.806716439,-0.562912311,-0.970495311,-0.996151084,-1.13974934,-0.58339642,5,0.556905205,low
Arachnocephalus vestitus,-0.586990878,-0.786012827,-0.57741703,-1.134921975,-0.826402767,-1.13974934,-0.58339642,5,0.561074793,low
Monticola solitarius,-0.581405011,-0.753890923,-0.555659951,-1.052708643,-1.078759947,-0.339551545,-0.58339642,5,0.576009064,low
Ematurga atomaria,-0.533742158,-0.491044707,-0.548407592,-0.806068647,0.166460422,-0.819670222,-0.58339642,5,0.578708325,low
Argiope lobata,-0.587224269,-0.795209922,-0.57741703,-1.134921975,-0.857360204,-1.13974934,-0.58339642,5,0.582267028,low
Mesosa curculionoides,-0.587224269,-0.795209922,-0.57741703,-1.134921975,-0.857360204,-1.13974934,-0.58339642,5,0.582267028,low
Vanessa cardui,-0.479520353,-0.649161119,-0.425117479,0.016064674,-0.441596056,-0.446244584,-0.283278773,5,0.589829354,low
Anax parthenope,-0.524415057,-0.417535169,-0.530276693,-0.806068647,0.093582378,-0.339551545,-0.58339642,5,0.594598804,low
Acanthocardia tuberculata,-0.583529931,-0.844468465,-0.57016467,-0.970495311,-1.023164543,-1.13974934,-0.58339642,5,0.59849065,low
Cerambyx cerdo,-0.587406508,-0.802391294,-0.57741703,-1.134921975,-0.881532714,-1.13974934,-0.58339642,5,0.600264895,low
Calidris alba,-0.473166479,-0.651807586,-0.439622198,0.098278006,-0.470171339,-0.539600993,-0.58339642,5,0.601402453,low
Acrocephalus palustris,-0.488378375,-0.436657917,-0.494014895,-0.55942865,-0.355655477,0.060547353,-0.58339642,5,0.625462628,low
Anacridium aegyptium,-0.490205753,-0.445659219,-0.501267254,-0.55942865,0.219130778,-0.639625718,-0.58339642,5,0.636744316,low
Sylvia borin,-0.366181288,-0.136688874,-0.454126917,-0.312788654,-0.274866794,-0.266806291,-0.378770752,5,0.645000145,low
Glareola pratincola,-0.578033207,-0.814671805,-0.552033771,-0.888281979,-1.134424686,-1.13974934,-0.58339642,5,0.655427035,low
Aedes albopictus,-0.586077209,-0.845948225,-0.57379085,-1.052708643,-1.028145417,-1.13974934,-0.58339642,5,0.663511339,low
Crocothemis erythraea,-0.425072916,-0.533357886,-0.417865119,0.098278006,-0.381379656,-0.489588631,-0.442716273,5,0.664133488,low
Satyrium ilicis,-0.564967516,-0.430019481,-0.559286131,-1.052708643,0.045475049,-0.339551545,-0.58339642,5,0.669640341,low
Caretta caretta,-0.587910491,-0.902009189,-0.562912311,-0.970495311,-1.216846717,-0.873016741,-0.58339642,5,0.671547595,low
Lanius collurio,-0.404928974,-0.453202498,-0.359846243,0.016064674,-0.42719426,-0.286205025,-0.433337597,5,0.691543873,low
Dama dama,-0.568794157,-0.650907082,-0.504893434,-0.970495311,-0.52150638,-0.339551545,0.166897698,5,0.717563327,low
Lindenia tetraphylla,-0.587650829,-0.812019121,-0.559286131,-1.134921975,-1.132509522,-0.339551545,-0.58339642,5,0.728331863,low
Periparus ater,-0.385170689,-0.2661475,-0.483136355,-0.230575322,0.083674944,-0.606284143,-0.58339642,5,0.732348586,low
Athene noctua,-0.481714165,-0.688684892,-0.468631636,0.180491338,-0.702243435,-0.81025613,-0.58339642,5,0.747020698,low
Bacillus rossius,-0.588709506,-0.853737782,-0.57741703,-1.134921975,-1.054365077,-1.13974934,-0.58339642,5,0.766004794,low
Linepithema humile,-0.588709506,-0.853737782,-0.57741703,-1.134921975,-1.054365077,-1.13974934,-0.58339642,5,0.766004794,low
Palpita vitrealis,-0.588709506,-0.853737782,-0.57741703,-1.134921975,-1.054365077,-1.13974934,-0.58339642,5,0.766004794,low
Locustella luscinioides,-0.439936258,-0.091777829,-0.490388715,-0.641641982,-0.389161817,0.003390367,-0.58339642,5,0.773155923,low
Ameles spallanzania,-0.581108934,-0.748057242,-0.555659951,-1.052708643,-0.805823217,0.060547353,-0.58339642,5,0.790273194,low
Regulus regulus,-0.382322996,-0.458293699,-0.417865119,0.180491338,-0.536067548,-0.48076292,-0.450991576,5,0.796011708,low
Anax ephippiger,-0.587451824,-0.895984388,-0.57016467,-0.970495311,-1.196567226,-1.13974934,-0.58339642,5,0.818657574,low
Neoscona subfusca,-0.588001096,-0.883854966,-0.57379085,-1.052708643,-1.155739569,-1.13974934,-0.58339642,5,0.820424589,low
Oryctes nasicornis,-0.588005448,-0.883940722,-0.57379085,-1.052708643,-1.156028226,-1.13974934,-0.58339642,5,0.820819754,low
Nezara viridula,-0.479436996,-0.392614448,-0.472257816,-0.55942865,0.270155548,-0.339551545,-0.58339642,5,0.853153081,low
Amandava amandava,-0.589330394,-0.878204775,-0.57741703,-1.134921975,-1.136721018,-1.13974934,-0.58339642,5,0.867853516,low
Aspitates ochrearia,-0.589330394,-0.878204775,-0.57741703,-1.134921975,-1.136721018,-1.13974934,-0.58339642,5,0.867853516,low
Eupeodes corollae,-0.589330394,-0.878204775,-0.57741703,-1.134921975,-1.136721018,-1.13974934,-0.58339642,5,0.867853516,low
Philaeus chrysops,-0.589330394,-0.878204775,-0.57741703,-1.134921975,-1.136721018,-1.13974934,-0.58339642,5,0.867853516,low
Gelochelidon nilotica,-0.468051652,-0.657014847,-0.377977142,0.180491338,-0.739936086,-0.339551545,-0.58339642,5,0.868997331,low
Grus grus,-0.474968524,-0.615439817,-0.370724782,-0.066148658,-0.517214971,-0.110923603,-0.101064487,5,0.880761327,low
Trithemis annulata,-0.465110172,-0.322043341,-0.494014895,-0.55942865,0.334930216,-0.539600993,-0.58339642,5,0.906094827,low
Lucanus cervus,-0.572205643,-0.572633824,-0.562912311,-1.052708643,-0.108168685,0.060547353,-0.58339642,5,0.906849384,low
Utetheisa pulchella,-0.589617159,-0.889505156,-0.57741703,-1.134921975,-1.174758121,-1.13974934,-0.58339642,5,0.919877447,low
Sympetrum fonscolombii,-0.433745195,-0.577491631,-0.370724782,0.180491338,-0.511222759,-0.245410628,-0.450991576,5,0.920364036,low
Polygonia c-album,-0.430671618,-0.310302267,-0.450500737,-0.395001986,0.284779784,-0.499591104,-0.358308185,5,0.937198617,low
Scopula imitaria,-0.589834225,-0.898058936,-0.57741703,-1.134921975,-1.203550157,-1.13974934,-0.58339642,5,0.961350843,low
Exochomus quadripustulatus,-0.589834225,-0.898058936,-0.57741703,-1.134921975,-1.203550157,-1.13974934,-0.58339642,5,0.961350843,low
Panurus biarmicus,-0.411074971,0.07069646,-0.475883996,-0.641641982,-0.343042621,0.003390367,-0.58339642,5,0.993917945,low
Pararge aegeria,-0.40200632,-0.503920132,-0.421491299,0.180491338,-0.060864432,-0.48076292,-0.58339642,5,1.012298908,low
Tarentola mauritanica,-0.546176523,-0.589043474,-0.486762535,-0.806068647,-0.339724517,0.300606691,-0.58339642,5,1.025428668,low
Sus scrofa,-0.490125451,-0.445263671,-0.472257816,-0.55942865,0.283470219,-0.139502096,-0.58339642,5,1.028059987,low
Polyommatus icarus,-0.367659472,-0.313392263,-0.377977142,-0.066148658,0.12791032,-0.568179486,-0.261841798,5,1.030669087,low
Tringa stagnatilis,-0.482541565,-0.613284293,-0.305453546,-0.14836199,-0.645600061,0.029770515,-0.063962031,5,1.033598801,low
Halyomorpha halys,-0.51001665,-0.410362366,-0.519398153,-0.723855314,0.438037317,-0.606284143,-0.58339642,5,1.034045896,low
Oenanthe oenanthe,-0.410202486,-0.546195104,-0.345341524,0.26270467,-0.595759606,-0.295096112,-0.458347401,5,1.039160821,low
Regulus ignicapilla,-0.319402116,-0.31244154,-0.352593883,0.180491338,-0.195663108,-0.433692462,-0.450991576,5,1.0491744,low
Pernis apivorus,-0.357977916,-0.36810952,-0.417865119,0.098278006,-0.062442026,-0.289539183,-0.58339642,5,1.054029983,low
Curruca curruca,-0.520985662,-0.390507135,-0.501267254,-0.806068647,0.007524119,0.140567132,-0.58339642,5,1.055736382,low
Glycaspis brimblecombei,-0.590397186,-0.920243233,-0.57741703,-1.134921975,-1.278222539,-1.13974934,-0.58339642,5,1.077320711,low
Apis mellifera,-0.382303262,-0.428020448,-0.392481861,0.098278006,0.126955354,-0.589613356,-0.442716273,5,1.11288413,low
Jynx torquilla,-0.3838616,-0.314159349,-0.417865119,-0.14836199,0.175291897,-0.216444192,-0.58339642,5,1.116854198,low
Numenius phaeopus,-0.395150554,-0.513242726,-0.359846243,0.26270467,-0.709845548,-0.206185246,-0.458347401,5,1.142549591,low
Colias crocea,-0.379275875,-0.478489156,-0.381603322,0.26270467,-0.115365635,-0.428462411,-0.58339642,5,1.15020091,low
Colias croceus,-0.379275875,-0.478489156,-0.381603322,0.26270467,-0.115365635,-0.428462411,-0.58339642,5,1.15020091,low
Phoenicurus phoenicurus,-0.396714581,-0.539046835,-0.338089164,0.344918002,-0.286364187,-0.760708279,-0.346461436,5,1.164886171,low
Amata phegea,-0.564107806,-0.413080436,-0.562912311,-1.052708643,0.102491904,0.060547353,-0.58339642,5,1.176991429,low
Puffinus yelkouan,-0.449169693,0.175494932,-0.508519614,-0.806068647,-0.236051763,-0.019472427,-0.58339642,5,1.18924005,low
Aeshna mixta,-0.488843232,-0.271300932,-0.497641075,-0.723855314,0.342292263,-0.072818946,-0.58339642,5,1.290512125,low
Oxythyrea funesta,-0.386760958,-0.367158066,-0.392481861,-0.066148658,0.355919471,-0.453865515,-0.422619109,5,1.327497439,low
Camponotus vagus,-0.424701561,-0.122998496,-0.454126917,-0.55942865,0.452930685,-0.439576269,-0.302036126,5,1.38788651,low
Saxicola rubetra,-0.386442715,-0.538950021,-0.298201187,0.427131334,-0.50755731,-0.299541655,-0.358308185,5,1.415614118,low
Riparia riparia,-0.344346109,-0.430433462,-0.309079726,0.344918002,-0.5638441,-0.128973178,-0.346461436,5,1.442245495,low
Lasiommata megera,-0.421915804,-0.109276405,-0.468631636,-0.55942865,0.529834863,-0.339551545,-0.302036126,5,1.618341104,low
Phylloscopus trochilus,-0.234513302,-0.273042572,-0.348967704,0.509344666,-0.384308862,-0.530074829,-0.58339642,5,1.632228349,low
Eurydema ornata,-0.584482204,-0.687154934,-0.56653849,-1.134921975,-1.136721018,0.46064625,-0.58339642,5,1.87886073,low
Vespa crabro,-0.453687814,-0.265779062,-0.483136355,-0.55942865,0.743008595,-0.339551545,-0.58339642,5,1.929073388,low
Hyphantria cunea,-0.575817508,-0.345710298,-0.57741703,-1.134921975,0.655656288,-1.13974934,-0.58339642,5,1.98693895,low
Chlidonias hybrida,-0.495053853,-0.312090658,-0.40698658,-0.723855314,-0.394472648,0.594012549,0.166897698,5,2.247097025,low
Thomisus onustus,-0.561549491,-0.362673431,-0.519398153,-1.052708643,-0.044515735,0.860745148,-0.58339642,5,2.84553977,low
Cetonia aurata,-0.520371059,-0.014846745,-0.541155232,-0.970495311,1.235491445,-0.606284143,-0.58339642,5,3.664483057,low
centroide 6,-0.069143321,0.156532405,-0.090662831,0.33121578,0.417136966,0.368565417,-0.062028282,6,0,medium
Threskiornis aethiopicus,-0.147913924,0.085072342,-0.087882759,0.180491338,0.153699318,0.366505333,0.078627802,6,0.123224707,medium
Linaria cannabina,-0.097994567,0.200786648,-0.174911074,0.180491338,0.105433728,0.319434875,0.078627802,6,0.151963309,medium
Spinus spinus,-0.156701119,0.127615373,-0.287322647,0.098278006,0.487821312,0.110559715,-0.442716273,6,0.317924218,medium
Acrocephalus arundinaceus,-0.164329097,-0.057074186,-0.200294333,0.344918002,-0.013518772,0.502761924,-0.346461436,6,0.351270212,medium
Turdus philomelos,-0.11432852,0.046628121,-0.23655613,0.344918002,0.034397046,0.250067883,-0.464928928,6,0.358453702,medium
Falco subbuteo,-0.258169998,-0.17050397,-0.261939389,0.180491338,0.14379989,0.366505333,-0.58339642,6,0.541279529,medium
Alauda arvensis,-0.030637127,0.162101226,-0.189415793,0.427131334,-0.202471902,0.420636361,-0.470852303,6,0.574229293,medium
Plegadis falcinellus,-0.16514912,-0.058774932,-0.08425658,0.344918002,-0.252149733,0.165836536,0.127408534,6,0.580733146,medium
Vanessa atalanta,-0.219712144,-0.171939853,-0.25106085,0.344918002,0.592131158,-0.255320198,-0.227993943,6,0.603881098,medium
Emberiza calandra,0.069267492,0.240687816,0.068042971,0.591557999,0.426605614,1.006235656,0.235106254,6,0.61420721,medium
Ixobrychus minutus,-0.294362201,-0.162733106,-0.338089164,0.016064674,0.260063572,-0.019472427,-0.433337597,6,0.626310047,medium
Spatula querquedula,-0.089274816,0.046566153,-0.124144557,0.427131334,-0.202225644,0.740715479,-0.358308185,6,0.632706166,medium
Certhia brachydactyla,-0.249192579,0.020061757,-0.338089164,-0.066148658,0.123365549,0.517803236,-0.58339642,6,0.650558569,medium
Upupa epops,-0.14933261,-0.1508689,-0.011732984,0.591557999,-0.258586556,0.606136759,-0.071832249,6,0.688072413,medium
Motacilla flava,0.152379936,0.278604994,0.08980005,0.755984663,-0.061613105,0.493987825,0.354471227,6,0.695373977,medium
Charadrius dubius,0.034868805,0.179072855,-0.018985344,0.591557999,-0.363688007,0.497018877,0.13279342,6,0.748385752,medium
Muscicapa striata,-0.136571399,-0.128011007,-0.174911074,0.591557999,-0.187803913,-0.084943155,-0.276457917,6,0.777990897,medium
Accipiter nisus,-0.041966544,-0.0765547,-0.120518377,0.838197995,-0.184871733,0.332614603,-0.403325832,6,0.793181447,medium
Cuculus canorus,-0.077218832,-0.132121362,-0.040742422,0.838197995,-0.151969895,0.236590868,-0.403325832,6,0.800693143,medium
Maniola jurtina,-0.280951939,-0.223313076,-0.348967704,0.180491338,0.276131271,-0.292481086,-0.318586732,6,0.801272068,medium
Charadrius hiaticula,-0.016383433,0.136277313,0.165949825,0.509344666,-0.193142629,0.841692819,0.274082572,6,0.810035059,medium
Aythya nyroca,-0.115493961,0.098994249,-0.232929951,0.26270467,-0.447341887,0.149458219,-0.208249361,6,0.847104983,medium
Circus cyaneus,-0.274029931,-0.248079931,-0.261939389,0.26270467,-0.31840589,-0.028363513,-0.083200342,6,0.938743222,medium
Luscinia megarhynchos,0.204704821,0.177889432,0.220342522,1.084837991,0.318643938,0.803588162,-0.020675832,6,0.940775384,medium
Motacilla cinerea,-0.200670637,-0.301080826,-0.261939389,0.755984663,-0.113665103,-0.006135797,-0.395822891,6,0.970044244,medium
Ichthyaetus melanocephalus,-0.050506157,-0.015939435,0.078921511,0.673771331,-0.41652633,0.599811084,0.199519181,6,0.993073159,medium
Oriolus oriolus,-0.11764021,-0.164750326,-0.214799052,0.755984663,-0.094350008,-0.139502096,-0.489609656,6,1.0039903,medium
Remiz pendulinus,-0.133850112,-0.041261493,-0.24380849,0.427131334,-0.383654588,0.020537463,-0.470852303,6,1.005490431,medium
Prunella modularis,-0.180274933,-0.132733296,-0.294575007,0.427131334,-0.221408029,-0.059482316,-0.58339642,6,1.009594159,medium
Limosa limosa,-0.321337955,-0.351648816,-0.211172872,0.26270467,-0.392783813,0.193913652,-0.083200342,6,1.027989892,medium
Streptopelia turtur,0.089478835,-0.017297509,0.165949825,1.167051323,-0.027758916,0.433053223,0.037536643,6,1.031853134,medium
Calidris ferruginea,-0.222039589,-0.086752787,-0.131396917,0.180491338,-0.520981495,0.084082582,0.078627802,6,1.08772294,medium
Charadrius alexandrinus,-0.233639933,-0.329706686,-0.120518377,0.673771331,-0.403997203,0.112734166,-0.094074169,6,1.122461139,medium
Serinus serinus,0.341184029,0.418553678,0.274735219,1.002624659,0.192047941,0.875563626,-0.083200342,6,1.129489807,medium
Troglodytes troglodytes,0.498959907,0.648827114,0.191333084,1.002624659,0.350330047,0.579194072,0.000165672,6,1.148102618,medium
Tringa glareola,-0.079898494,-0.222653361,0.180454544,1.084837991,-0.206911746,0.374910772,-0.101064487,6,1.17634947,medium
Calidris pugnax,-0.060466873,-0.137876436,0.329127915,0.920411327,-0.18123049,0.522199927,0.368899961,6,1.177473834,medium
Ardeola ralloides,0.342129427,0.326014758,0.25660432,1.167051323,0.450876089,0.736576524,0.115153276,6,1.185048877,medium
Anas acuta,0.434209236,0.554323698,0.173202185,1.002624659,0.12769222,0.757015804,0.083531685,6,1.187876006,medium
Ochlodes sylvanus,-0.304921179,-0.074870157,-0.374350962,-0.14836199,1.118503106,-0.031783162,-0.410251624,6,1.193065081,medium
Passer montanus,0.342771822,0.37220109,0.24935196,1.084837991,-0.075918997,0.489224743,0.140101479,6,1.198262857,medium
Acrocephalus scirpaceus,0.271361948,0.154256734,0.126061848,1.331477987,0.227260402,0.228330761,-0.075132663,6,1.219333678,medium
Pandion haliaetus,0.13705706,0.161497077,0.445165668,0.920411327,0.25893879,0.768414633,0.542044757,6,1.226617112,medium
Sternula albifrons,-0.226292879,-0.043782266,0.104304769,0.098278006,0.145177881,1.060794597,0.682724904,6,1.264894612,medium
Tringa ochropus,-0.308871981,-0.436635978,-0.287322647,0.591557999,-0.306529249,-0.012197901,-0.378770752,6,1.284771003,medium
Emberiza schoeniclus,0.405231347,0.628344042,0.234847241,0.838197995,0.418986256,1.004780751,0.226921227,6,1.298890509,medium
Anthus spinoletta,-0.277177932,-0.291125173,-0.24018231,0.344918002,-0.54415926,0.039489516,-0.346461436,6,1.379503134,medium
Anthus pratensis,0.16239532,0.081784483,0.09342623,1.167051323,-0.326907467,0.46064625,-0.272929889,6,1.398267717,medium
Circaetus gallicus,-0.43630726,-0.18016588,-0.417865119,-0.55942865,-0.041129757,0.360621526,-0.302036126,6,1.416159193,medium
Sitta europaea,-0.348020563,0.425660544,-0.435996018,-0.641641982,0.731388608,0.117704338,-0.261841798,6,1.417520525,medium
Corvus monedula,0.267914832,0.186266944,0.165949825,1.249264655,-0.164736767,0.300606691,0.166897698,6,1.418758667,medium
Poecile palustris,-0.382048127,0.234102755,-0.425117479,-0.641641982,-0.08463332,0.232018309,-0.261841798,6,1.472582688,medium
Falco peregrinus,-0.265457303,-0.266816329,-0.294575007,0.344918002,-0.499524868,-0.002626157,-0.58339642,6,1.509408096,medium
Thalasseus sandvicensis,0.307682088,0.369657694,0.25297814,1.002624659,-0.389152898,0.519920161,0.250263711,6,1.526836669,medium
Haematopus ostralegus,-0.368197873,-0.503001825,-0.145901636,0.427131334,-0.533765462,-0.059482316,-0.133219949,6,1.629178688,medium
Saxicola rubicola,0.407869639,0.370104214,0.358137354,1.249264655,0.241334382,0.914091668,0.091868286,6,1.669579215,medium
Aglais io,-0.443491747,-0.215555245,-0.457753097,-0.55942865,0.763023727,0.060547353,-0.58339642,6,1.692926244,medium
Nycticorax nycticorax,0.432763277,0.449171851,0.289239938,1.167051323,1.006454863,0.791762579,0.192769909,6,1.771808787,medium
Apus apus,0.128421922,-0.056021381,0.2602305,1.413691319,-0.133248307,0.68570188,-0.091015905,6,1.783430326,medium
Merops apiaster,0.359534607,0.193113685,0.310997016,1.495904651,0.308787793,0.703130431,-0.037727971,6,1.827197552,medium
Phoenicurus ochruros,0.269449516,0.117647144,0.213090162,1.413691319,-0.239599596,0.46064625,0.049664242,6,1.832433358,medium
Ptyonoprogne rupestris,-0.477011524,-0.043934449,-0.486762535,-0.806068647,0.563260341,-0.019472427,-0.133219949,6,1.833847936,medium
Podarcis muralis,-0.220037176,0.102126765,-0.341715344,-0.066148658,1.406580743,-0.39670853,-0.261841798,6,1.851223433,medium
Gallinago gallinago,0.519104478,0.469180817,0.184080724,1.331477987,-0.107560141,0.563897579,-0.220350879,6,1.858320758,medium
Procambarus clarkii,-0.447512603,-0.235361189,-0.475883996,-0.55942865,0.9269943,0.060547353,-0.58339642,6,1.865041116,medium
Trachemys scripta,-0.364450033,-0.130486822,-0.435996018,-0.312788654,0.916021704,-0.630532561,-0.174145083,6,1.963235741,medium
Dendrocopos major,0.526994462,1.060568811,0.227594882,0.591557999,0.509985292,0.969863029,0.439731923,6,1.963671054,medium
Podiceps nigricollis,0.159443688,0.15330418,0.568455781,1.002624659,0.086731533,0.727378849,0.833825803,6,1.977959039,medium
Milvus migrans,0.223379355,0.747041745,0.068042971,0.344918002,1.55453182,0.08160519,0.364343519,6,2.017452217,medium
Chloris chloris,0.320492659,0.180504257,0.165949825,1.413691319,-0.40929864,0.485652431,-0.302036126,6,2.14430314,medium
Harmonia axyridis,-0.372775027,0.132781364,-0.367098603,-0.55942865,1.42261695,0.060547353,0.260684463,6,2.172429205,medium
Turdus pilaris,-0.449919111,0.447457714,-0.465005457,-0.888281979,0.906686096,0.660695699,-0.020675832,6,2.183643401,medium
Sterna hirundo,-0.027837948,0.022898522,0.601091399,0.673771331,0.173699486,1.260844045,0.786705883,6,2.191205007,medium
Podarcis siculus,0.573347234,1.052922723,0.281987578,0.673771331,1.192769143,0.043151749,0.199519181,6,2.248428753,medium
Delichon urbicum,0.486603962,0.307006238,0.213090162,1.578117983,-0.011146725,0.578322397,-0.318586732,6,2.27177555,medium
Calidris minuta,0.105775465,0.673130634,0.165949825,0.180491338,0.477632806,1.496196338,0.740652024,6,2.305545139,medium
Melitaea didyma,-0.473894693,-0.019369818,-0.490388715,-0.806068647,1.187908773,-0.179511986,-0.133219949,6,2.547508187,medium
Lanius excubitor,-0.48611829,0.090837681,-0.457753097,-0.888281979,1.031374732,0.060547353,0.542044757,6,2.637181367,medium
Celastrina argiolus,-0.385525248,-0.04245308,-0.439622198,-0.477215318,1.231543827,-0.695195009,-0.083200342,6,2.710319263,medium
Pluvialis squatarola,0.219706135,0.579298504,0.41615623,0.509344666,0.157783677,1.718099928,0.595637194,6,2.871792048,medium
Pimelia bipunctata,-0.542179409,0.018979392,-0.541155232,-1.052708643,0.904013239,0.860745148,-0.58339642,6,3.111988313,medium
Pimelia spec.,-0.542179409,0.018979392,-0.541155232,-1.052708643,0.904013239,0.860745148,-0.58339642,6,3.111988313,medium
Netta rufina,0.342207568,0.993494094,0.097052409,0.344918002,1.762050217,0.250067883,0.719745996,6,3.339143523,medium
Micropterus salmoides,-0.560760782,0.247621419,-0.562912311,-1.134921975,1.852033667,0.46064625,-0.58339642,6,4.961796584,medium
Orthetrum cancellatum,0.463001507,2.024706067,0.140566567,-0.066148658,2.119625843,-0.168080589,0.059712824,6,7.185894689,medium
Idaea aversata,-0.534135178,0.177476561,-0.57379085,-1.052708643,2.416704137,-1.13974934,-0.58339642,6,8.910422588,medium
Myathropa florea,-0.560688559,0.250467459,-0.57379085,-1.134921975,2.662391622,-1.13974934,-0.58339642,6,10.22141973,medium
Mergus merganser,-0.566477333,0.022352576,-0.501267254,-1.134921975,1.304440979,4.461635225,-0.58339642,6,20.39585486,medium
Sympetrum sanguineum,-0.416544367,1.34896604,-0.443248378,-0.970495311,3.760899971,0.193913652,2.417780053,6,20.72205744,medium
Bufo bufo,-0.353718992,1.395183322,-0.548407592,-0.888281979,6.515507142,-0.539600993,-0.58339642,6,41.59865422,medium
