specie,a,aloc,intrado,interdo,e,tr,trmo,prevalence
Orthetrum cancellatum,0.46628204,2.0318444,0.14187181,-0.065717652,2.1210742,-0.16738646,0.061230931,0.5
Ischnura elegans,0.57592273,3.2356315,0.20358151,-0.31251344,3.7066963,0.38902766,0.64657909,0.5
Sitta europaea,-0.34715781,0.42866182,-0.43529537,-0.6415745,0.73234314,0.11862079,-0.26071054,0.5
Sympetrum sanguineum,-0.4158859,1.3543561,-0.44255534,-0.97063553,3.7629318,0.1948894,2.4221351,0.5
Pimelia bipunctata,-0.54189551,0.020928536,-0.54056484,-1.0529008,0.90502918,0.8622396,-0.58265203,0.5
Bufo bufo,-0.35287324,1.4006929,-0.5478248,-0.88837028,6.5185189,-0.5391959,-0.58265203,0.5
Melitaea didyma,-0.47340721,-0.017519889,-0.48974511,-0.80610502,1.1890256,-0.17882675,-0.13193396,0.5
Harmonia axyridis,-0.37198609,0.13502494,-0.36632571,-0.55930924,1.4238173,0.061419342,0.26244435,0.5
Micropterus salmoides,-0.56053227,0.25016209,-0.56234473,-1.135166,1.8533868,0.46182948,-0.58265203,0.5
Idaea aversata,-0.53382725,0.17983575,-0.57323468,-1.0529008,2.418258,-1.139811,-0.58265203,0.5
Lanius excubitor,-0.48566723,0.092972733,-0.45707527,-0.88837028,1.0324359,0.061419342,0.54414314,0.5
Mergus merganser,-0.56626582,0.024310445,-0.50063503,-1.135166,1.3055993,4.4659309,-0.58265203,0.5
Myathropa florea,-0.56045979,0.25301549,-0.57323468,-1.135166,2.6640329,-1.139811,-0.58265203,0.5
Pimelia spec.,-0.54189551,0.020928536,-0.54056484,-1.0529008,0.90502918,0.8622396,-0.58265203,0.5
Turdus pilaris,-0.44936013,0.45051539,-0.46433523,-0.88837028,0.90770298,0.66203457,-0.019254437,0.5
Circus cyaneus,-0.2729466,-0.2468217,-0.26105621,0.26334339,-0.31782472,-0.027560689,-0.081854165,0.5
Cuculus canorus,-0.075548783,-0.13056314,-0.039627306,0.8392002,-0.15132952,0.2375998,-0.40236479,0.5
Threskiornis aethiopicus,-0.14645463,0.087192476,-0.086817078,0.18107814,0.1544484,0.36761534,0.080168664,0.5
Acrocephalus arundinaceus,-0.16291873,-0.055321805,-0.19934653,0.34560865,-0.01282916,0.50397789,-0.34543198,0.5
Crocothemis erythraea,-0.42443988,-0.53283769,-0.41714546,0.098812871,-0.38082087,-0.48914459,-0.44180262,0.5
Grus grus,-0.47448424,-0.61513197,-0.36995569,-0.065717652,-0.5167045,-0.110185,-0.099739805,0.5
Oenanthe oenanthe,-0.40952513,-0.54570812,-0.34454581,0.26334339,-0.59527707,-0.29450077,-0.45745254,0.5
Plegadis falcinellus,-0.1637412,-0.057026949,-0.083187096,0.34560865,-0.25154498,0.16679043,0.12900808,0.5
Riparia riparia,-0.34347242,-0.429647,-0.30824599,0.34560865,-0.5633502,-0.12824862,-0.34543198,0.5
Motacilla cinerea,-0.19936861,-0.29995972,-0.26105621,0.75693494,-0.11301111,-0.005315681,-0.39485282,0.5
Upupa epops,-0.14787754,-0.14935918,-0.010587448,0.59240443,-0.2579841,0.6074332,-0.070472397,0.5
Saxicola rubetra,-0.3856945,-0.53844434,-0.29735604,0.42787391,-0.50704342,-0.29894978,-0.35729298,0.5
Falco peregrinus,-0.26434842,-0.26560658,-0.29372606,0.34560865,-0.49900809,-0.001803311,-0.58265203,0.5
Accipiter nisus,-0.040191405,-0.074852712,-0.11948691,0.8392002,-0.18424305,0.33369824,-0.40236479,0.5
Anthus spinoletta,-0.276104,-0.28997833,-0.23927633,0.34560865,-0.54365838,0.040345125,-0.34543198,0.5
Tringa ochropus,-0.30789253,-0.43586558,-0.28646609,0.59240443,-0.30594385,-0.011382501,-0.37778017,0.5
Pararge aegeria,-0.40130451,-0.50332379,-0.42077544,0.18107814,-0.060191657,-0.48031202,-0.58265203,0.5
Podarcis muralis,-0.21879289,0.10429102,-0.34091583,-0.065717652,1.4077754,-0.39619225,-0.26071054,0.5
Spinus spinus,-0.15526801,0.12984557,-0.28646609,0.098812871,0.48868921,0.11147061,-0.44180262,0.5
Regulus ignicapilla,-0.31845406,-0.31134984,-0.35180578,0.18107814,-0.19503827,-0.43320495,-0.45008788,0.5
Remiz pendulinus,-0.1323489,-0.039468199,-0.24290632,0.42787391,-0.38309661,0.021378329,-0.46997249,0.5
Alauda arvensis,-0.028828211,0.16442065,-0.18845658,0.42787391,-0.20184949,0.42178848,-0.46997249,0.5
Spatula querquedula,-0.08764071,0.048586667,-0.1231169,0.42787391,-0.20160314,0.74211657,-0.35729298,0.5
Sympetrum fonscolombii,-0.43313801,-0.57708561,-0.36995569,0.18107814,-0.51071012,-0.24477665,-0.45008788,0.5
Ixobrychus minutus,-0.29333949,-0.16125408,-0.33728585,0.016547609,0.26085049,-0.018662686,-0.43241265,0.5
Lanius collurio,-0.40423587,-0.45247495,-0.35906574,0.016547609,-0.42665178,-0.28560278,-0.43241265,0.5
Muscicapa striata,-0.1350783,-0.12644215,-0.17393665,0.59240443,-0.18717629,-0.084184349,-0.27534425,0.5
Apis mellifera,-0.38154271,-0.42722777,-0.39173558,0.098812871,0.12769492,-0.58924711,-0.44180262,0.5
Falco subbuteo,-0.2570394,-0.16904505,-0.26105621,0.18107814,0.14454545,0.36761534,-0.58265203,0.5
Numenius phaeopus,-0.39442831,-0.51267052,-0.35906574,0.26334339,-0.70940357,-0.20552075,-0.45745254,0.5
Oriolus oriolus,-0.11609066,-0.16327652,-0.21386646,0.75693494,-0.093689144,-0.13878573,-0.48875242,0.5
Vanessa cardui,-0.47904962,-0.64894056,-0.42440543,0.016547609,-0.4410587,-0.44576684,-0.28217331,0.5
Charadrius alexandrinus,-0.2324362,-0.32865965,-0.11948691,0.67466968,-0.40344647,0.11364675,-0.09274108,0.5
Jynx torquilla,-0.3831057,-0.31307209,-0.41714546,-0.14798291,0.17604865,-0.21578768,-0.58265203,0.5
Pernis apivorus,-0.35714486,-0.36716184,-0.41714546,0.098812871,-0.061769813,-0.28893954,-0.58265203,0.5
Phylloscopus trochilus,-0.23331217,-0.27184892,-0.34817579,0.51013917,-0.38375112,-0.52966231,-0.58265203,0.5
Polyommatus icarus,-0.36685526,-0.31230301,-0.37721565,-0.065717652,0.12865023,-0.56779659,-0.26071054,0.5
Turdus philomelos,-0.1127691,0.048648793,-0.23564635,0.34560865,0.035103697,0.25108731,-0.46404198,0.5
Gelochelidon nilotica,-0.46754673,-0.65681458,-0.37721565,0.18107814,-0.73950481,-0.33899081,-0.58265203,0.5
Haematopus ostralegus,-0.36739528,-0.50240314,-0.14489679,0.42787391,-0.53326088,-0.058703698,-0.13193396,0.5
Oxythyrea funesta,-0.38601372,-0.3662079,-0.39173558,-0.065717652,0.35674047,-0.4533937,-0.42168128,0.5
Prunella modularis,-0.17891212,-0.13117665,-0.29372606,0.42787391,-0.22079235,-0.058703698,-0.58265203,0.5
Acrocephalus schoenobaenus,-0.39566642,-0.42997098,-0.44255534,0.016547609,-0.49222857,-0.49915487,-0.58265203,0.5
Athene noctua,-0.48124999,-0.68856657,-0.46796522,0.18107814,-0.70179874,-0.81006157,-0.58265203,0.5
Botaurus stellaris,-0.40372986,-0.41605479,-0.44255534,-0.065717652,-0.2864162,-0.51059514,-0.42168128,0.5
Calidris alba,-0.47267681,-0.65159386,-0.43892536,0.098812871,-0.46964413,-0.5391959,-0.58265203,0.5
Calidris ferruginea,-0.22080128,-0.085077189,-0.13037686,0.18107814,-0.52047235,0.084972881,0.080168664,0.5
Certhia brachydactyla,-0.24803521,0.0220137,-0.33728585,-0.065717652,0.12410384,0.51903093,-0.58265203,0.5
Linaria cannabina,-0.096386455,0.20320615,-0.17393665,0.18107814,0.10616565,0.32050827,0.080168664,0.5
Maniola jurtina,-0.27988926,-0.22199078,-0.34817579,0.18107814,0.27692389,-0.29188374,-0.31752375,0.5
Tringa stagnatilis,-0.48207983,-0.61297089,-0.304616,-0.14798291,-0.64513522,0.030618563,-0.062592708,0.5
Vanessa atalanta,-0.21846689,-0.17048465,-0.25016627,0.34560865,0.59303617,-0.25469393,-0.22682196,0.5
Aythya nyroca,-0.11393802,0.1011504,-0.23201637,0.26334339,-0.44680655,0.15039937,-0.20705363,0.5
Colias crocea,-0.3785063,-0.47782704,-0.38084564,0.26334339,-0.11471225,-0.42797083,-0.58265203,0.5
Colias croceus,-0.3785063,-0.47782704,-0.38084564,0.26334339,-0.11471225,-0.42797083,-0.58265203,0.5
Limosa limosa,-0.32039568,-0.35065854,-0.21023647,0.26334339,-0.39222908,0.1948894,-0.081854165,0.5
Ochlodes sylvanus,-0.30392995,-0.073163815,-0.37358567,-0.14798291,1.1195953,-0.030982997,-0.4092989,0.5
Phoenicurus phoenicurus,-0.39599699,-0.53854138,-0.33728585,0.34560865,-0.28577161,-0.76047516,-0.34543198,0.5
Regulus regulus,-0.3815625,-0.45757931,-0.41714546,0.18107814,-0.53556377,-0.48031202,-0.45008788,0.5
Trithemis annulata,-0.46459648,-0.32097647,-0.49337509,-0.55930924,0.33574376,-0.5391959,-0.58265203,0.2
Acrocephalus melanopogon,-0.42175275,-0.27650061,-0.46796522,-0.3947787,-0.53987801,-0.17882675,-0.58265203,0.2
Hieraaetus pennatus,-0.49829155,-0.57799417,-0.47522518,-0.3947787,-0.26388103,-0.17882675,-0.58265203,0.2
Coracias garrulus,-0.54452473,-0.68197656,-0.50426501,-0.6415745,-0.75210339,-0.33899081,-0.58265203,0.2
Tarentola mauritanica,-0.54590452,-0.58866739,-0.48611513,-0.80610502,-0.33915091,0.30166543,-0.58265203,0.2
Lasiommata megera,-0.42127335,-0.10765908,-0.46796522,-0.55930924,0.53071773,-0.33899081,-0.30095321,0.2
Papilio machaon,-0.50843769,-0.64745748,-0.43892536,-0.31251344,-0.60253608,-0.26618895,-0.58265203,0.2
Locustella luscinioides,-0.43934754,-0.090115227,-0.48974511,-0.6415745,-0.3886058,0.004217894,-0.58265203,0.2
Circaetus gallicus,-0.43570772,-0.17873195,-0.41714546,-0.55930924,-0.040449966,0.36172694,-0.30095321,0.2
Fringilla montifringilla,-0.51256353,-0.50212204,-0.52604491,-0.6415745,-0.28912547,-0.91100526,-0.58265203,0.2
Dama dama,-0.56858957,-0.65069103,-0.50426501,-0.97063553,-0.52099741,-0.33899081,0.16854475,0.2
Ptyonoprogne rupestris,-0.47653332,-0.042148072,-0.48611513,-0.80610502,0.5641551,-0.018662686,-0.13193396,0.2
Procambarus clarkii,-0.44694647,-0.23407006,-0.47522518,-0.55930924,0.92801839,0.061419342,-0.58265203,0.2
Sympetrum striolatum,-0.4849135,-0.62155706,-0.49700508,-0.14798291,-0.40321732,-0.95500642,-0.58265203,0.2
Anacridium aegyptium,-0.4897669,-0.44491217,-0.50063503,-0.55930924,0.21990313,-0.63929838,-0.58265203,0.2
Larus canus,-0.52122653,-0.63788289,-0.50789499,-0.47704396,-0.64587241,-0.51695085,-0.58265203,0.2
Sus scrofa,-0.48968634,-0.44451559,-0.4715952,-0.55930924,0.28426546,-0.13878573,-0.58265203,0.2
Trachemys scripta,-0.36363626,-0.12892437,-0.43529537,-0.31251344,0.9170419,-0.63019818,-0.17290832,0.2
Aeshna mixta,-0.48840031,-0.27010277,-0.49700508,-0.72383976,0.34310842,-0.072050706,-0.58265203,0.2
Aglais io,-0.44291362,-0.21421288,-0.45707527,-0.55930924,0.76398951,0.061419342,-0.58265203,0.2
Anax parthenope,-0.52407819,-0.41671535,-0.52967489,-0.80610502,0.094310082,-0.33899081,-0.58265203,0.2
Apus melba,-0.49684903,-0.47978368,-0.51152498,-0.55930924,-0.38683319,-0.63929838,-0.58265203,0.2
Calidris temminckii,-0.52571994,-0.65754974,-0.51515496,-0.47704396,-0.84628499,-0.78389096,-0.58265203,0.2
Chlidonias niger,-0.46388409,-0.52578735,-0.43529537,-0.23024817,-0.79925114,-0.47246084,-0.39485282,0.2
Halyomorpha halys,-0.50963682,-0.40952399,-0.51878494,-0.72383976,0.43888751,-0.60593086,-0.58265203,0.2
Larus fuscus,-0.47075394,-0.51251215,-0.47522518,-0.31251344,-0.74840289,-0.48459449,-0.58265203,0.2
Leptotes pirithous,-0.47636726,-0.56676441,-0.47522518,-0.23024817,-0.17855355,-0.73940092,-0.58265203,0.2
Lycaena phlaeas,-0.48083651,-0.58143502,-0.46796522,-0.23024817,-0.52586222,-0.67266589,-0.39485282,0.2
Macroglossum stellatarum,-0.54231137,-0.62403733,-0.52241492,-0.72383976,-0.45392859,-0.47246084,-0.58265203,0.2
Orthetrum coerulescens,-0.54204625,-0.55827147,-0.54419482,-0.80610502,-0.15946116,-0.81948298,-0.58265203,0.2
Amata phegea,-0.56388927,-0.41224909,-0.56234473,-1.0529008,0.10322277,0.061419342,-0.58265203,0.2
Ameles spallanzania,-0.58094108,-0.74809253,-0.55508476,-1.0529008,-0.80541539,0.061419342,-0.58265203,0.2
Anthus trivialis,-0.46303457,-0.10357277,-0.49337509,-0.72383976,-0.36791128,-0.20552075,-0.58265203,0.2
Celastrina argiolus,-0.3847743,-0.04066287,-0.43892536,-0.47704396,1.2326763,-0.69491094,-0.081854165,0.2
Corvus corax,-0.54579926,-0.6891486,-0.48974511,-0.6415745,-0.81330055,-0.56779659,-0.26071054,0.2
Emberiza cirlus,-0.42217728,-0.33855945,-0.47522518,-0.31251344,-0.37340584,-0.48459449,-0.58265203,0.2
Graphosoma italicum,-0.52911347,-0.6994046,-0.50789499,-0.3947787,-0.69690675,-0.65931892,-0.58265203,0.2
Hippolais polyglotta,-0.46069753,-0.47650027,-0.43892536,-0.31251344,-0.41287234,-0.19338711,-0.58265203,0.2
Lanius senator,-0.52859074,-0.71962547,-0.51152498,-0.31251344,-0.83332103,-0.70300001,-0.58265203,0.2
Oedipoda caerulescens,-0.54278827,-0.56411719,-0.53330487,-0.80610502,-0.18256596,-0.33899081,-0.58265203,0.2
Otus scops,-0.53654134,-0.72866368,-0.51152498,-0.3947787,-0.70349973,-0.73940092,-0.58265203,0.2
Pieris rapae,-0.50017083,-0.617854,-0.44618532,-0.31251344,-0.42480725,-0.41179264,-0.37778017,0.2
Satyrium ilicis,-0.56475151,-0.42923194,-0.55871475,-1.0529008,0.046185642,-0.33899081,-0.58265203,0.2
Sylvia borin,-0.36537269,-0.13514246,-0.45344529,-0.31251344,-0.27427012,-0.26618895,-0.37778017,0.2
Thomisus onustus,-0.56132329,-0.36171168,-0.51878494,-1.0529008,-0.043837149,0.8622396,-0.58265203,0.2
Vespa crabro,-0.45314008,-0.26456663,-0.48248515,-0.55930924,0.74396724,-0.33899081,-0.58265203,0.2
Vulpes vulpes,-0.54795545,-0.75486934,-0.52241492,-0.47704396,-0.76118219,-0.69491094,-0.58265203,0.2
Acrocephalus palustris,-0.48793405,-0.43588758,-0.49337509,-0.55930924,-0.35508755,0.061419342,-0.58265203,0.2
Argiope bruennichi,-0.54039878,-0.65875852,-0.48974511,-0.6415745,-0.59001023,-0.2245879,-0.58265203,0.2
Camponotus vagus,-0.42406741,-0.12141667,-0.45344529,-0.55930924,0.45378619,-0.43909332,-0.30095321,0.2
Cetonia aurata,-0.52002209,-0.012985115,-0.54056484,-0.97063553,1.2366252,-0.60593086,-0.58265203,0.2
Chlidonias hybrida,-0.49462944,-0.31099802,-0.40625551,-0.72383976,-0.39391851,0.59529954,0.16854475,0.2
Chlidonias leucopterus,-0.51939124,-0.68668205,-0.51878494,-0.31251344,-0.86454779,-0.77580184,-0.58265203,0.2
Coccothraustes coccothraustes,-0.51774627,-0.62265062,-0.52604491,-0.47704396,-0.55077136,-0.69491094,-0.58265203,0.2
Coreus marginatus,-0.4886404,-0.43936542,-0.50426501,-0.55930924,0.14485106,-0.73940092,-0.58265203,0.2
Coturnix coturnix,-0.51848859,-0.53546405,-0.52604491,-0.6415745,-0.23256327,-0.4533937,-0.58265203,0.2
Curruca cantillans,-0.43099815,-0.24297398,-0.49337509,-0.47704396,-0.28046951,-0.42797083,-0.58265203,0.2
Curruca communis,-0.50819921,-0.61702144,-0.4715952,-0.3947787,-0.65552425,-0.49915487,-0.35729298,0.2
Curruca curruca,-0.52063853,-0.38961738,-0.50063503,-0.80610502,0.008221215,0.14150137,-0.58265203,0.2
Ematurga atomaria,-0.53343308,-0.49041507,-0.5478248,-0.80610502,0.16721404,-0.81948298,-0.58265203,0.2
Eobania vermiculata,-0.53177351,-0.47734073,-0.52241492,-0.80610502,-0.96432054,-0.33899081,-0.13193396,0.2
Episyrphus balteatus,-0.52127683,-0.63810319,-0.51878494,-0.47704396,-0.35262397,-0.78389096,-0.58265203,0.2
Eurydema ornata,-0.58432436,-0.68703264,-0.56597471,-1.135166,-1.1364309,0.46182948,-0.58265203,0.2
Gambusia holbrooki,-0.53180021,-0.47755089,-0.53693485,-0.80610502,-0.080399096,-0.81948298,-0.58265203,0.2
Gavia arctica,-0.54838389,-0.52464449,-0.54419482,-0.88837028,-0.33981052,-0.5391959,-0.58265203,0.2
Gulosus aristotelis,-0.52968651,-0.74178892,-0.48974511,-0.23024817,-0.85210866,-0.60593086,-0.58265203,0.2
Iphiclides podalirius,-0.47743353,-0.53643179,-0.4715952,-0.31251344,-0.066193543,-0.63019818,-0.58265203,0.2
Lacerta bilineata,-0.50026703,-0.66807932,-0.50789499,-0.14798291,-0.63710493,-0.95500642,-0.58265203,0.2
Lucanus cervus,-0.57201123,-0.57221526,-0.56234473,-1.0529008,-0.10751273,0.061419342,-0.58265203,0.2
Luscinia svecica,-0.48654607,-0.35571447,-0.51515496,-0.6415745,-0.45266986,-0.56779659,-0.58265203,0.2
Megascolia maculata,-0.53422678,-0.62402707,-0.52967489,-0.6415745,-0.45722765,-0.68219948,-0.58265203,0.2
Milvus milvus,-0.50181049,-0.65028387,-0.43892536,-0.23024817,-0.5541836,-0.60593086,-0.20705363,0.2
Nezara viridula,-0.47896603,-0.39173016,-0.4715952,-0.55930924,0.27094606,-0.33899081,-0.58265203,0.2
Panurus biarmicus,-0.41040021,0.072779402,-0.47522518,-0.6415745,-0.3424702,0.004217894,-0.58265203,0.2
Pelophylax,-0.47282246,-0.47766906,-0.49337509,-0.3947787,-0.27829644,-0.65931892,-0.58265203,0.2
Periparus ater,-0.3844187,-0.26493603,-0.48248515,-0.23024817,0.084399119,-0.60593086,-0.58265203,0.2
Poecile palustris,-0.38128683,0.23660845,-0.42440543,-0.6415745,-0.083968997,0.23302369,-0.26071054,0.2
Polygonia c-album,-0.43005526,-0.30920503,-0.4498153,-0.3947787,0.28557548,-0.49915487,-0.35729298,0.2
Puffinus yelkouan,-0.44860849,0.17784899,-0.50789499,-0.80610502,-0.2354413,-0.018662686,-0.58265203,0.2
Turdus iliacus,-0.52588761,-0.30310696,-0.53330487,-0.88837028,-0.097560324,-0.5391959,-0.58265203,0.2
Zapornia parva,-0.50674099,-0.61127734,-0.52967489,-0.3947787,-0.23870303,-0.89956498,-0.58265203,0.2
Falco columbarius,-0.55025864,-0.74276555,-0.53693485,-0.55930924,-0.80104858,-0.93960601,-0.58265203,0.2
Falco vespertinus,-0.54935986,-0.73834008,-0.49700508,-0.55930924,-0.89471024,-0.83950347,-0.30095321,0.2
Amandava amandava,-0.58918703,-0.87857676,-0.57686466,-1.135166,-1.1364309,-1.139811,-0.58265203,0.2
Calandrella brachydactyla,-0.55913323,-0.69288588,-0.55871475,-0.80610502,-0.51278615,-0.97964704,-0.58265203,0.2
Columba oenas,-0.56568325,-0.83245999,-0.54056484,-0.47704396,-1.0021557,-1.139811,-0.58265203,0.2
Gonepteryx rhamni,-0.55897987,-0.73346871,-0.5478248,-0.72383976,-0.65220529,-0.87287098,-0.58265203,0.2
Theba pisana,-0.57003593,-0.8060534,-0.55145478,-0.72383976,-0.89286035,-0.87287098,-0.58265203,0.2
Cecropis daurica,-0.57704216,-0.76167613,-0.55508476,-0.97063553,-0.8026135,-0.60593086,-0.58265203,0.2
Erythromma viridulum,-0.57828736,-0.69582713,-0.56960469,-1.0529008,-0.9231959,-1.139811,-0.58265203,0.2
Hydrocoloeus minutus,-0.54880244,-0.70604849,-0.51515496,-0.6415745,-0.79445881,-0.68219948,-0.58265203,0.2
Cyprinus carpio,-0.55171967,-0.63448036,-0.5478248,-0.80610502,-0.43674523,-0.97964704,-0.58265203,0.2
Lepomis gibbosus,-0.57680935,-0.66671598,-0.56960469,-1.0529008,-0.42489439,-1.139811,-0.58265203,0.2
Monticola solitarius,-0.58123803,-0.7539413,-0.55508476,-1.0529008,-1.0784491,-0.33899081,-0.58265203,0.2
Oryctes nasicornis,-0.58785814,-0.88432753,-0.57323468,-1.0529008,-1.1557449,-1.139811,-0.58265203,0.2
Tyto alba,-0.57709706,-0.85241097,-0.5478248,-0.72383976,-1.0485528,-0.73940092,-0.58265203,0.2
Agrius convolvuli,-0.57402915,-0.81023878,-0.56234473,-0.80610502,-0.90691698,-1.139811,-0.58265203,0.2
Anax ephippiger,-0.58730286,-0.89640236,-0.56960469,-0.97063553,-1.1962984,-1.139811,-0.58265203,0.2
Argiope lobata,-0.58707464,-0.79536718,-0.57686466,-1.135166,-0.85697067,-1.139811,-0.58265203,0.2
Callophrys rubi,-0.57929146,-0.82901382,-0.55508476,-0.88837028,-0.96997315,-0.93960601,-0.58265203,0.2
Cerambyx cerdo,-0.58725739,-0.80256712,-0.57686466,-1.135166,-0.8811518,-1.139811,-0.58265203,0.2
Chalcolestes parvidens,-0.58250415,-0.61533159,-0.57686466,-1.135166,-0.2523194,-1.139811,-0.58265203,0.2
Clangula hyemalis,-0.58048666,-0.80690348,-0.56234473,-0.97063553,-0.99581093,-1.139811,-0.58265203,0.2
Cornu aspersum,-0.56548882,-0.77620077,-0.54056484,-0.72383976,-0.90143764,-0.60593086,-0.58265203,0.2
Falco naumanni,-0.57215202,-0.79544997,-0.55508476,-0.80610502,-0.89252537,-0.81948298,-0.58265203,0.2
Gavia stellata,-0.55285794,-0.56870359,-0.55508476,-0.88837028,-0.91962802,-1.139811,-0.58265203,0.2
Hierophis viridiflavus,-0.54309648,-0.75448507,-0.53330487,-0.3947787,-0.71966761,-1.0597291,-0.58265203,0.2
Hipparchia statilinus,-0.5863207,-0.76566815,-0.57323468,-1.135166,-0.75722611,-1.139811,-0.58265203,0.2
Hyphantria cunea,-0.57563388,-0.34470466,-0.57686466,-1.135166,0.65658391,-1.139811,-0.58265203,0.2
Nomophila noctuella,-0.56893373,-0.77009594,-0.55145478,-0.80610502,-0.85787058,-0.97964704,-0.58265203,0.2
Pieris brassicae,-0.56404293,-0.76670849,-0.55871475,-0.72383976,-0.76072013,-1.139811,-0.58265203,0.2
Polistes dominula,-0.57545936,-0.7912761,-0.56234473,-0.88837028,-0.89683926,-1.139811,-0.58265203,0.2
Pontia edusa,-0.56008399,-0.79114413,-0.53330487,-0.55930924,-0.8427875,-0.73940092,-0.58265203,0.2
Rana dalmatina,-0.58424413,-0.81314808,-0.57323468,-1.0529008,-0.91668802,-1.139811,-0.58265203,0.2
Scopula imitaria,-0.58969235,-0.89848226,-0.57686466,-1.135166,-1.2032838,-1.139811,-0.58265203,0.2
Sphingonotus personatus,-0.58196563,-0.76827157,-0.56960469,-1.0529008,-0.76596981,-0.73940092,-0.58265203,0.2
Utetheisa pulchella,-0.58947468,-0.88990641,-0.57686466,-1.135166,-1.1744815,-1.139811,-0.58265203,0.2
Acanthocardia tuberculata,-0.58336926,-0.84475315,-0.56960469,-0.97063553,-1.0228339,-1.139811,-0.58265203,0.2
Acrida ungarica,-0.57241035,-0.82164174,-0.55145478,-0.72383976,-0.99468398,-1.139811,-0.58265203,0.2
Aedes albopictus,-0.58592415,-0.84623677,-0.57323468,-1.0529008,-1.0278167,-1.139811,-0.58265203,0.2
Agelena labyrinthica,-0.57939011,-0.79250556,-0.55871475,-0.97063553,-0.84735984,-0.33899081,-0.58265203,0.2
Aiolopus strepens,-0.57011133,-0.67067236,-0.54419482,-0.97063553,-0.72409427,-0.33899081,-0.58265203,0.2
Alopochen aegyptiaca,-0.58432811,-0.81480163,-0.56597471,-1.0529008,-0.92224139,-0.73940092,-0.58265203,0.2
Ameiurus,-0.58248293,-0.7784608,-0.57323468,-1.0529008,-0.80019039,-1.139811,-0.58265203,0.2
Anthus cervinus,-0.5807296,-0.84317631,-0.56597471,-0.88837028,-1.017538,-1.139811,-0.58265203,0.2
Arachnocephalus vestitus,-0.58684057,-0.78614628,-0.57686466,-1.135166,-0.82600224,-1.139811,-0.58265203,0.2
Araneus angulatus,-0.57185721,-0.56918186,-0.56960469,-1.0529008,-0.097325079,-0.73940092,-0.58265203,0.2
Arctia villica,-0.57342273,-0.77122027,-0.5478248,-0.88837028,-0.82948148,-0.5391959,-0.58265203,0.2
Asio flammeus,-0.56111771,-0.65004367,-0.5478248,-0.88837028,-0.42250887,-0.5391959,-0.58265203,0.2
Aspitates ochrearia,-0.58918703,-0.87857676,-0.57686466,-1.135166,-1.1364309,-1.139811,-0.58265203,0.2
Bacillus rossius,-0.58856428,-0.85404646,-0.57686466,-1.135166,-1.0540457,-1.139811,-0.58265203,0.2
Cacyreus marshalli,-0.58313191,-0.79124212,-0.57323468,-1.0529008,-0.84311652,-1.139811,-0.58265203,0.2
Caretta caretta,-0.58776289,-0.90244275,-0.56234473,-0.97063553,-1.216585,-0.87287098,-0.58265203,0.2
Curruca subalpina,-0.58126295,-0.81709665,-0.56960469,-0.97063553,-0.92994922,-1.139811,-0.58265203,0.2
Dolycoris baccarum,-0.56914896,-0.65803617,-0.56597471,-0.97063553,-0.4672212,-1.139811,-0.58265203,0.2
Dorcus parallelipipedus,-0.58090079,-0.81234133,-0.56597471,-0.97063553,-0.91397846,-0.87287098,-0.58265203,0.2
Emys orbicularis,-0.57777506,-0.77129918,-0.56960469,-0.97063553,-0.77613807,-1.139811,-0.58265203,0.2
"Erinaceus Linnaeus,",-0.57697296,-0.66993856,-0.57323468,-1.0529008,-0.43571749,-1.139811,-0.58265203,0.2
Eristalinus taeniops,-0.57707679,-0.67198342,-0.56960469,-1.0529008,-0.44258502,-1.139811,-0.58265203,0.2
Eupeodes corollae,-0.58918703,-0.87857676,-0.57686466,-1.135166,-1.1364309,-1.139811,-0.58265203,0.2
Euplagia quadripunctaria,-0.578049,-0.81677818,-0.56597471,-0.88837028,-0.92887974,-1.139811,-0.58265203,0.2
Evarcha jucunda,-0.58151585,-0.75941288,-0.56234473,-1.0529008,-0.73621774,-0.33899081,-0.58265203,0.2
Exochomus quadripustulatus,-0.58969235,-0.89848226,-0.57686466,-1.135166,-1.2032838,-1.139811,-0.58265203,0.2
Glareola pratincola,-0.57785618,-0.81487942,-0.55145478,-0.88837028,-1.1341337,-1.139811,-0.58265203,0.2
Glycaspis brimblecombei,-0.59025699,-0.92072397,-0.57686466,-1.135166,-1.2779827,-1.139811,-0.58265203,0.2
Helicoverpa armigera,-0.57939768,-0.79260445,-0.56597471,-0.97063553,-0.85393476,-1.139811,-0.58265203,0.2
Hippodamia variegata,-0.56182265,-0.65698552,-0.55508476,-0.88837028,-0.39221445,-0.93960601,-0.58265203,0.2
Lampides boeticus,-0.5693574,-0.77343363,-0.55871475,-0.80610502,-0.7833066,-1.139811,-0.58265203,0.2
Lasiocampa quercus,-0.56453317,-0.73542756,-0.55871475,-0.80610502,-0.65566278,-0.97964704,-0.58265203,0.2
Lestes virens,-0.57378411,-0.71889704,-0.56960469,-0.97063553,-0.60014504,-1.139811,-0.58265203,0.2
Lindenia tetraphylla,-0.58750248,-0.81221986,-0.55871475,-1.135166,-1.1322179,-0.33899081,-0.58265203,0.2
Linepithema humile,-0.58856428,-0.85404646,-0.57686466,-1.135166,-1.0540457,-1.139811,-0.58265203,0.2
Locusta migratoria,-0.57655901,-0.80210513,-0.55871475,-0.88837028,-0.9558444,-0.93960601,-0.58265203,0.2
Meles meles,-0.58290875,-0.86463577,-0.56234473,-0.88837028,-1.0896099,-0.93960601,-0.58265203,0.2
Mesosa curculionoides,-0.58707464,-0.79536718,-0.57686466,-1.135166,-0.85697067,-1.139811,-0.58265203,0.2
Mugilidae indet.,-0.58012527,-0.83722508,-0.56597471,-0.88837028,-0.9975509,-1.139811,-0.58265203,0.2
Neoscona subfusca,-0.58785379,-0.88424158,-0.57323468,-1.0529008,-1.1554562,-1.139811,-0.58265203,0.2
Nymphalis polychloros,-0.56875181,-0.65282118,-0.56234473,-0.97063553,-0.37822855,-0.87287098,-0.58265203,0.2
Orthetrum brunneum,-0.55905467,-0.62972707,-0.55145478,-0.88837028,-0.76919603,-0.73940092,-0.58265203,0.2
Pachygrapsus marmoratus,-0.57511109,-0.7878468,-0.55508476,-0.88837028,-0.83171338,-0.5391959,-0.58265203,0.2
Palpita vitrealis,-0.58856428,-0.85404646,-0.57686466,-1.135166,-1.0540457,-1.139811,-0.58265203,0.2
Phaneroptera nana,-0.56502402,-0.73929447,-0.55145478,-0.80610502,-0.66864985,-0.81948298,-0.58265203,0.2
Philaeus chrysops,-0.58918703,-0.87857676,-0.57686466,-1.135166,-1.1364309,-1.139811,-0.58265203,0.2
Podiceps grisegena,-0.57877678,-0.78445196,-0.56597471,-0.97063553,-0.82031178,-0.87287098,-0.58265203,0.2
Porzana porzana,-0.54831147,-0.70328569,-0.54419482,-0.6415745,-0.81502819,-0.91100526,-0.58265203,0.2
Pyrgus malvoides,-0.55969131,-0.69728225,-0.55145478,-0.80610502,-0.52755135,-0.97964704,-0.58265203,0.2
Rhizostoma pulmo,-0.58095223,-0.81301624,-0.55508476,-0.97063553,-0.91624516,-0.87287098,-0.58265203,0.2
Ruspolia nitidula,-0.57470435,-0.78384089,-0.56234473,-0.88837028,-0.81825954,-0.93960601,-0.58265203,0.2
Saturnia pavoniella,-0.58158797,-0.76083344,-0.55871475,-1.0529008,-0.95542306,-0.33899081,-0.58265203,0.2
Sceliphron caementarium,-0.54138106,-0.61792964,-0.54056484,-0.72383976,-0.26104495,-1.006341,-0.58265203,0.2
Silurus glanis,-0.5847528,-0.70390743,-0.57686466,-1.135166,-0.54980218,-1.139811,-0.58265203,0.2
Tadorna ferruginea,-0.56498027,-0.8152529,-0.54056484,-0.55930924,-0.9848007,-1.139811,-0.58265203,0.2
Tropidopola cylindrica,-0.58270353,-0.62318462,-0.56234473,-1.135166,-0.92199659,-0.33899081,-0.58265203,0.2
Xylocopa violacea,-0.55977857,-0.63685626,-0.56234473,-0.88837028,-0.3246102,-0.93960601,-0.58265203,0.2
Zoropsis spinimana,-0.58045882,-0.73859471,-0.57323468,-1.0529008,-0.66629982,-1.139811,-0.58265203,0.2
Corvus cornix,3.8987548,2.9875329,3.2346168,2.4845054,1.8346939,1.7609379,2.872853,0.8
Egretta garzetta,4.2056432,3.2561691,5.1948071,2.4845054,1.9472656,2.5261662,3.7742891,0.8
Ardea cinerea,5.6369061,4.7625871,5.2165871,2.3199749,3.7463915,2.6966767,4.186574,0.8
Anas platyrhynchos,5.155622,3.9783854,4.60675,2.5667708,3.0808971,2.3768344,3.9245286,0.8
Pica pica,2.9847667,2.6689918,2.8353186,1.9909139,0.71066606,1.8786653,2.9999788,0.8
Ardea alba,2.8153334,2.5883939,3.1220872,1.9086486,2.2834959,2.5692513,3.0942585,0.8
Phalacrocorax carbo,5.0795865,4.3757219,4.7955089,2.2377098,3.474014,2.5020144,4.1391563,0.8
Larus michahellis,3.6483355,3.4518869,4.040473,1.9086486,1.7736945,2.5903256,3.7466135,0.8
Chroicocephalus ridibundus,2.9052105,2.9921882,3.4378958,1.6618528,2.0975471,2.5210817,3.2162573,0.8
Fulica atra,4.0015311,3.5799887,3.4596756,2.0731792,2.485719,2.5840032,3.2484515,0.8
Podiceps cristatus,2.5486655,2.3999214,2.5485501,1.8263834,2.3862059,2.3664832,2.4018323,0.8
Phoenicopterus roseus,2.7613151,3.3170357,5.0060482,1.3327918,3.6960297,3.3034499,5.4511542,0.8
Circus aeruginosus,2.6013722,1.9818304,2.363421,2.3199749,1.8986784,1.8399854,1.7757565,0.8
Falco tinnunculus,1.6690427,1.1770428,1.742694,2.2377098,0.56979442,1.6249256,1.4026537,0.8
Cettia cetti,2.0847149,1.8310319,1.742694,1.9086486,0.31592011,1.5576888,1.6116333,0.8
Buteo buteo,1.482818,1.3913487,1.2272365,1.6618528,1.1732609,1.2168887,1.1558319,0.8
Sturnus vulgaris,1.793389,1.4054692,1.6156446,2.0731792,0.50038338,1.2226088,1.6709383,0.8
Passer italiae,1.6543736,1.6587462,1.539415,1.5795876,0.53359139,1.8985953,1.7372203,0.8
Gallinula chloropus,2.4833999,2.1625991,1.9822729,1.9909139,1.5780828,1.8581315,1.6131539,0.8
Streptopelia decaocto,1.3194206,0.9387176,1.521265,2.0731792,0.081120402,1.2826703,1.501919,0.8
Hirundo rustica,1.9097788,1.3482836,1.9205631,2.3199749,0.6807394,1.3557684,1.5137111,0.8
Turdus merula,2.7882664,2.6550055,1.9205631,1.8263834,1.737787,1.6305943,1.8536618,0.8
Fringilla coelebs,1.3737874,1.2686397,1.1001872,1.6618528,1.1442904,1.2855303,0.76950216,0.8
Erithacus rubecula,2.1305172,1.8061793,1.6628344,1.9909139,1.0669527,1.3242513,1.6131539,0.8
Bubulcus ibis,1.3346306,0.90744919,1.0747772,2.1554444,0.60643917,0.81340915,0.84645402,0.8
Columba palumbus,2.2820909,1.88673,2.2980812,2.0731792,0.9958443,1.3827728,2.0089769,0.8
Cisticola juncidis,0.89101321,0.63515157,1.3470259,1.8263834,0.26709709,1.0462118,1.2445834,0.8
Alcedo atthis,1.4818898,1.15105,1.4486654,1.9909139,0.78547984,1.3447852,1.2664477,0.8
Carduelis carduelis,1.2443216,1.1229316,1.0675173,1.6618528,0.65671122,1.3312916,0.76950216,0.8
Columba livia,1.1918682,0.95544785,1.118337,1.8263834,-0.012730349,0.98128051,1.000952,0.8
Motacilla alba,0.96937948,0.67487121,0.87875819,1.9086486,0.19009168,0.77794278,0.60344815,0.8
Sylvia atricapilla,1.1658059,1.5288135,0.88964814,1.085996,0.91717672,1.5486571,1.1075407,0.8
Phylloscopus collybita,1.123036,0.83415216,0.918688,1.9086486,0.35037082,0.98868495,0.8406682,0.8
Cyanistes caeruleus,1.2190217,1.4339381,0.76985872,1.2505265,1.0107986,1.2359557,0.61926281,0.8
Aegithalos caudatus,1.423099,1.7930818,0.81341851,1.1682613,1.2925316,1.5664092,1.0492582,0.8
Tachybaptus ruficollis,2.4259701,2.1847785,1.7789938,1.9086486,2.0077982,1.8738021,1.7895483,0.8
Parus major,1.6289557,1.5558202,1.328876,1.6618528,0.67992002,1.3084109,1.5421617,0.8
Himantopus himantopus,1.2653612,1.1466109,2.2654114,1.6618528,1.3798544,1.7889031,2.250433,0.8
Tringa nebularia,0.65096307,0.63546312,1.4087356,1.3327918,0.38250622,1.495146,1.7436347,0.8
Actitis hypoleucos,0.60629338,0.44448537,1.1764168,1.5795876,0.15817823,1.3333104,1.2732459,0.8
Anas crecca,1.6865255,1.549417,1.4777052,1.7441181,1.1354308,1.6853049,1.483139,0.8
Cygnus olor,1.7640003,3.0905366,1.521265,0.67466968,3.3437932,2.7250173,2.8467245,0.8
Aythya ferina,0.88998359,1.217937,0.76622874,1.0037308,1.0331217,1.7668699,0.83627522,0.8
Mareca strepera,1.1407127,1.4095141,0.82793844,1.1682613,0.73117977,1.7597107,0.58299816,0.8
Recurvirostra avosetta,0.37357116,0.46453071,1.3506559,1.0037308,0.24451163,1.3812898,2.171736,0.8
Spatula clypeata,1.6216949,1.8689483,1.336136,1.3327918,1.0432221,1.9859713,1.307456,0.8
Tadorna tadorna,0.78613102,0.80721778,1.8370736,1.3327918,0.97220266,2.089303,2.1071169,0.8
Platalea leucorodia,1.135677,1.4864275,1.6337945,1.085996,0.74517947,1.4914556,2.5562773,0.8
Ardea purpurea,0.71090329,0.71162772,0.44316033,1.3327918,1.246372,1.2368169,-0.14647324,0.8
Merops apiaster,0.36250669,0.19551334,0.31248099,1.4973223,0.30959204,0.70450228,-0.03632709,0.8
Rallus aquaticus,0.98215419,1.1941427,0.57020974,1.1682613,0.1773193,1.1521918,0.42757812,0.8
Delichon urbicum,0.48995486,0.30970055,0.21447146,1.5795876,-0.010456269,0.57959718,-0.31752375,0.8
Acrocephalus scirpaceus,0.27407116,0.15655586,0.12735188,1.3327918,0.22803564,0.22933327,-0.073776782,0.8
Apus apus,0.13070501,-0.054266274,0.26166123,1.4150571,-0.13260128,0.68706018,-0.089679129,0.8
Ardeola ralloides,0.34504962,0.32875824,0.25803125,1.1682613,0.45173085,0.73797441,0.11673808,0.8
Saxicola rubicola,0.4109858,0.37296176,0.35967073,1.2505265,0.24211463,0.91562766,0.09342508,0.8
Luscinia megarhynchos,0.20721532,0.18024969,0.22173142,1.085996,0.31945169,0.80503815,-0.019254437,0.8
Phasianus colchicus,0.43565008,0.81553805,0.63554937,0.67466968,0.43860298,1.3322864,1.3769917,0.8
Phoenicurus ochruros,0.27215305,0.11985155,0.21447146,1.4150571,-0.23899038,0.46182948,0.05117026,0.8
Serinus serinus,0.3441014,0.42153656,0.27618116,1.0037308,0.19281065,0.87706965,-0.081854165,0.8
Picus viridis,0.71487844,1.1148638,0.5375399,0.8392002,0.43030348,0.91028887,1.1300766,0.8
Passer montanus,0.34569392,0.37506407,0.25077128,1.085996,-0.075251579,0.49043021,0.1417163,0.8
Emberiza schoeniclus,0.40833965,0.63186967,0.23625134,0.8392002,0.4198297,1.0063872,0.2286405,0.8
Streptopelia turtur,0.091645837,-0.015442219,0.16728169,1.1682613,-0.027074369,0.43421498,0.039028071,0.8
Motacilla flava,0.15473445,0.28122583,0.091052055,0.75693494,-0.060940597,0.495197,0.35634395,0.8
Chloris chloris,0.32334834,0.18287128,0.16728169,1.4150571,-0.40874979,0.48685512,-0.30095321,0.8
Corvus monedula,0.27061379,0.18864888,0.16728169,1.2505265,-0.16410093,0.30166543,0.16854475,0.8
Podarcis siculus,0.57695675,1.0575469,0.28344113,0.67466968,1.1938877,0.044010207,0.20120548,0.8
Galerida cristata,0.34531263,1.5158864,0.14550179,0.016547609,0.53343558,0.8355456,1.5206989,0.8
Pandion haliaetus,0.004748655,-0.004043471,0.22899137,0.8392002,0.0985661,0.55792791,0.2286405,0.8
Garrulus glandarius,0.98519433,1.0601627,0.71540898,1.3327918,0.49736875,0.95265484,0.72588426,0.8
Anthus pratensis,0.16477969,0.083896108,0.094682038,1.1682613,-0.32632932,0.46182948,-0.27181196,0.8
Troglodytes troglodytes,0.50234765,0.65240574,0.19269156,1.0037308,0.35114905,0.58046955,0.001612141,0.8
Tringa glareola,-0.078236438,-0.22132935,0.18180162,1.085996,-0.20629092,0.37602732,-0.099739805,0.8
Dendrocopos major,0.53046578,1.0652127,0.22899137,0.59240443,0.5108611,0.9714424,0.44170722,0.8
Gallinago gallinago,0.52255225,0.47229469,0.1854316,1.3327918,-0.10690397,0.56516111,-0.21916971,0.8
Calidris pugnax,-0.058746886,-0.13633309,0.3306309,0.92146546,-0.18060052,0.52343106,0.37079003,0.8
Charadrius dubius,0.036873005,0.18143618,-0.017847413,0.59240443,-0.36312294,0.4982304,0.13439944,0.8
Sterna hirundo,-0.026020687,0.024857804,0.60287952,0.67466968,0.17445569,1.2626498,0.78909862,0.8
Curruca melanocephala,0.72457659,0.90808356,0.9803977,1.085996,0.14920098,0.80503815,1.3489968,0.8
Numenius arquata,0.37497154,0.64269853,0.92957795,0.75693494,0.20338774,1.3293848,2.1404362,0.8
Ichthyaetus melanocephalus,-0.048756476,-0.014080632,0.080162108,0.67466968,-0.41598004,0.60110259,0.20120548,0.8
Vanellus vanellus,0.57890415,0.54389966,0.60287952,1.3327918,-0.071978197,0.79765737,0.65318781,0.8
Emberiza calandra,0.071374238,0.24321055,0.069272161,0.59240443,0.42745176,1.0078433,0.23683538,0.8
Netta rufina,0.345128,0.99796444,0.09831202,0.34560865,1.7633712,0.25108731,0.72205818,0.8
Tringa totanus,0.46146789,0.5379371,0.99128765,1.085996,0.29856163,1.3770527,1.7514236,0.8
Charadrius hiaticula,-0.014532025,0.13852993,0.16728169,0.51013917,-0.19251689,0.84317249,0.27585858,0.8
Nycticorax nycticorax,0.43595368,0.45223397,0.29070109,1.1682613,1.0075072,0.79320341,0.19444808,0.8
Podiceps nigricollis,0.16181926,0.15560085,0.57020974,1.0037308,0.0874568,0.7287696,0.83627522,0.8
Tringa erythropus,0.24211951,0.36996698,0.86786824,0.8392002,-0.072289854,1.390781,1.6709383,0.8
Anser anser,0.76920927,1.386808,0.47220019,0.67466968,0.59639823,0.87964875,0.88708079,0.8
Calidris minuta,0.10799105,0.67677218,0.16728169,0.18107814,0.47849709,1.4981852,0.74298936,0.8
Milvus migrans,0.22594553,0.75087446,0.069272161,0.34560865,1.5557791,0.082493559,0.3662281,0.8
Pluvialis squatarola,0.22226137,0.58269727,0.41775045,0.51013917,0.15853421,1.7202613,0.59780002,0.8
Thalasseus sandvicensis,0.31049958,0.3725141,0.25440127,1.0037308,-0.38859686,0.52114952,0.25201106,0.8
Mareca penelope,0.73641926,0.92474401,0.56294978,1.085996,0.31221366,0.77643746,0.78559923,0.8
Anas acuta,0.43740392,0.55765784,0.17454165,1.0037308,0.12843205,0.75842959,0.085078448,0.8
Calidris alpina,0.30907476,0.42093,0.57746971,0.92146546,-0.14695191,1.0162436,0.89084935,0.8
Sternula albifrons,-0.22506724,-0.041995496,0.10557199,0.098812871,0.14592393,1.0624447,0.68499255,0.8
