"gbifID","datasetKey","occurrenceID","kingdom","phylum","class","order","family","genus","species","infraspecificEpithet","taxonRank","scientificName","verbatimScientificName","verbatimScientificNameAuthorship","countryCode","locality","stateProvince","occurrenceStatus","individualCount","publishingOrgKey","decimalLatitude","decimalLongitude","coordinateUncertaintyInMeters","coordinatePrecision","elevation","elevationAccuracy","depth","depthAccuracy","eventDate","day","month","year","taxonKey","speciesKey","basisOfRecord","institutionCode","collectionCode","catalogNumber","recordNumber","identifiedBy","dateIdentified","license","rightsHolder","recordedBy","typeStatus","establishmentMeans","lastInterpreted","mediaType","issue","points_wkt"
4103127688,"50c9509d-22c7-4a22-a47d-8c48425ef4a7","https://www.inaturalist.org/observations/159271056","Animalia","Chordata","Aves","Passeriformes","Acrocephalidae","Acrocephalus","Acrocephalus arundinaceus","","SPECIES","Acrocephalus arundinaceus (Linnaeus, 1758)","Acrocephalus arundinaceus","","IT","","Lombardia","PRESENT",NA,"28eb1a3f-1c15-4a95-931a-4af90ecb574d",46.16938,9.39585,32,NA,NA,NA,NA,NA,"2023-04-24T00:00:00",24,4,2023,2493128,2493128,"HUMAN_OBSERVATION","iNaturalist","Observations","159271056",NA,"Claudio Foglini","2023-05-02T21:12:40","CC_BY_NC_4_0","Claudio Foglini","Claudio Foglini",NA,"","2023-06-14 09:55:12","Sound","COORDINATE_ROUNDED;CONTINENT_DERIVED_FROM_COORDINATES","POINT (9.39585 46.16938)"
3579488190,"4fa7b334-ce0d-4e88-aaae-2e0c138d049e","URN:catalog:CLO:EBIRD:OBS1221481269","Animalia","Chordata","Aves","Passeriformes","Acrocephalidae","Acrocephalus","Acrocephalus arundinaceus","","SPECIES","Acrocephalus arundinaceus (Linnaeus, 1758)","Acrocephalus arundinaceus","","IT","Riserva Naturale Pian di Spagna e Lago di Mezzola","Lombardia","PRESENT",1,"e2e717bf-551a-4917-bdc9-4fa0f342c530",46.18102,9.42953,NA,NA,NA,NA,NA,NA,"2021-08-21T00:00:00",21,8,2021,2493128,2493128,"HUMAN_OBSERVATION","CLO","EBIRD","OBS1221481269",NA,"","","CC_BY_4_0","","obsr143637",NA,"","2023-06-07 15:17:23","","CONTINENT_DERIVED_FROM_COORDINATES","POINT (9.42953 46.18102)"
3571844105,"4fa7b334-ce0d-4e88-aaae-2e0c138d049e","URN:catalog:CLO:EBIRD:OBS1196073649","Animalia","Chordata","Aves","Passeriformes","Acrocephalidae","Acrocephalus","Acrocephalus arundinaceus","","SPECIES","Acrocephalus arundinaceus (Linnaeus, 1758)","Acrocephalus arundinaceus","","IT","Riserva Naturale Pian di Spagna e Lago di Mezzola","Lombardia","PRESENT",2,"e2e717bf-551a-4917-bdc9-4fa0f342c530",46.18102,9.42953,NA,NA,NA,NA,NA,NA,"2021-07-03T00:00:00",3,7,2021,2493128,2493128,"HUMAN_OBSERVATION","CLO","EBIRD","OBS1196073649",NA,"","","CC_BY_4_0","","obsr112627",NA,"","2023-06-07 15:30:07","","CONTINENT_DERIVED_FROM_COORDINATES","POINT (9.42953 46.18102)"
3562940356,"4fa7b334-ce0d-4e88-aaae-2e0c138d049e","URN:catalog:CLO:EBIRD:OBS1196074795","Animalia","Chordata","Aves","Passeriformes","Acrocephalidae","Acrocephalus","Acrocephalus arundinaceus","","SPECIES","Acrocephalus arundinaceus (Linnaeus, 1758)","Acrocephalus arundinaceus","","IT","Riserva Naturale Pian di Spagna e Lago di Mezzola","Lombardia","PRESENT",2,"e2e717bf-551a-4917-bdc9-4fa0f342c530",46.18102,9.42953,NA,NA,NA,NA,NA,NA,"2021-07-03T00:00:00",3,7,2021,2493128,2493128,"HUMAN_OBSERVATION","CLO","EBIRD","OBS1196074795",NA,"","","CC_BY_4_0","","obsr112627",NA,"","2023-06-07 15:14:06","","CONTINENT_DERIVED_FROM_COORDINATES","POINT (9.42953 46.18102)"
3558709435,"4fa7b334-ce0d-4e88-aaae-2e0c138d049e","URN:catalog:CLO:EBIRD:OBS1147586314","Animalia","Chordata","Aves","Passeriformes","Acrocephalidae","Acrocephalus","Acrocephalus arundinaceus","","SPECIES","Acrocephalus arundinaceus (Linnaeus, 1758)","Acrocephalus arundinaceus","","IT","Riserva Naturale Pian di Spagna e Lago di Mezzola","Lombardia","PRESENT",1,"e2e717bf-551a-4917-bdc9-4fa0f342c530",46.18102,9.42953,NA,NA,NA,NA,NA,NA,"2021-05-08T00:00:00",8,5,2021,2493128,2493128,"HUMAN_OBSERVATION","CLO","EBIRD","OBS1147586314",NA,"","","CC_BY_4_0","","obsr1243236",NA,"","2023-06-07 15:29:46","","CONTINENT_DERIVED_FROM_COORDINATES","POINT (9.42953 46.18102)"
3465941595,"50c9509d-22c7-4a22-a47d-8c48425ef4a7","https://www.inaturalist.org/observations/85360666","Animalia","Chordata","Aves","Passeriformes","Acrocephalidae","Acrocephalus","Acrocephalus arundinaceus","","SPECIES","Acrocephalus arundinaceus (Linnaeus, 1758)","Acrocephalus arundinaceus","","IT","","Lombardia","PRESENT",NA,"28eb1a3f-1c15-4a95-931a-4af90ecb574d",46.17238,9.40593,131,NA,NA,NA,NA,NA,"2021-07-02T10:34:34",2,7,2021,2493128,2493128,"HUMAN_OBSERVATION","iNaturalist","Observations","85360666",NA,"roby","2021-07-02T17:34:48","CC_BY_NC_4_0","roby","roby",NA,"","2023-06-14 09:47:47","Sound","COORDINATE_ROUNDED;CONTINENT_DERIVED_FROM_COORDINATES","POINT (9.40593 46.17238)"
3292917702,"4fa7b334-ce0d-4e88-aaae-2e0c138d049e","URN:catalog:CLO:EBIRD:OBS1067578664","Animalia","Chordata","Aves","Passeriformes","Acrocephalidae","Acrocephalus","Acrocephalus arundinaceus","","SPECIES","Acrocephalus arundinaceus (Linnaeus, 1758)","Acrocephalus arundinaceus","","IT","Riserva Naturale Pian di Spagna e Lago di Mezzola","Lombardia","PRESENT",1,"e2e717bf-551a-4917-bdc9-4fa0f342c530",46.18102,9.42953,NA,NA,NA,NA,NA,NA,"2019-04-30T00:00:00",30,4,2019,2493128,2493128,"HUMAN_OBSERVATION","CLO","EBIRD","OBS1067578664",NA,"","","CC_BY_4_0","","obsr502426",NA,"","2023-06-07 15:13:12","","CONTINENT_DERIVED_FROM_COORDINATES","POINT (9.42953 46.18102)"
2868138256,"50c9509d-22c7-4a22-a47d-8c48425ef4a7","https://www.inaturalist.org/observations/60309494","Animalia","Chordata","Aves","Passeriformes","Acrocephalidae","Acrocephalus","Acrocephalus arundinaceus","","SPECIES","Acrocephalus arundinaceus (Linnaeus, 1758)","Acrocephalus arundinaceus","","IT","","Lombardia","PRESENT",NA,"28eb1a3f-1c15-4a95-931a-4af90ecb574d",46.17249,9.40433,367,NA,NA,NA,NA,NA,"2020-07-04T09:24:00",4,7,2020,2493128,2493128,"HUMAN_OBSERVATION","iNaturalist","Observations","60309494",NA,"roby","2020-09-21T12:33:18","CC_BY_NC_4_0","roby","roby",NA,"","2023-06-14 10:02:04","StillImage;Sound","CONTINENT_DERIVED_FROM_COORDINATES","POINT (9.40433 46.17249)"
2689475235,"4fa7b334-ce0d-4e88-aaae-2e0c138d049e","URN:catalog:CLO:EBIRD:OBS786252333","Animalia","Chordata","Aves","Passeriformes","Acrocephalidae","Acrocephalus","Acrocephalus arundinaceus","","SPECIES","Acrocephalus arundinaceus (Linnaeus, 1758)","Acrocephalus arundinaceus","","IT","Riserva Naturale Pian di Spagna e Lago di Mezzola","Lombardia","PRESENT",1,"e2e717bf-551a-4917-bdc9-4fa0f342c530",46.18102,9.42953,NA,NA,NA,NA,NA,NA,"2019-07-18T00:00:00",18,7,2019,2493128,2493128,"HUMAN_OBSERVATION","CLO","EBIRD","OBS786252333",NA,"","","CC_BY_4_0","","obsr143637",NA,"","2023-06-07 15:27:29","","CONTINENT_DERIVED_FROM_COORDINATES","POINT (9.42953 46.18102)"
2273282122,"50c9509d-22c7-4a22-a47d-8c48425ef4a7","https://www.inaturalist.org/observations/27592840","Animalia","Chordata","Aves","Passeriformes","Acrocephalidae","Acrocephalus","Acrocephalus arundinaceus","","SPECIES","Acrocephalus arundinaceus (Linnaeus, 1758)","Acrocephalus arundinaceus","","IT","","Lombardia","PRESENT",NA,"28eb1a3f-1c15-4a95-931a-4af90ecb574d",46.15627,9.3926,507,NA,NA,NA,NA,NA,"2019-06-24T09:37:00",24,6,2019,2493128,2493128,"HUMAN_OBSERVATION","iNaturalist","Observations","27592840",NA,"Roberto Brembilla","2019-06-24T21:26:03","CC_BY_NC_4_0","Roberto Brembilla","Roberto Brembilla",NA,"","2023-06-14 09:41:51","StillImage","COORDINATE_ROUNDED;CONTINENT_DERIVED_FROM_COORDINATES","POINT (9.3926 46.15627)"
2251994280,"50c9509d-22c7-4a22-a47d-8c48425ef4a7","https://www.inaturalist.org/observations/26161844","Animalia","Chordata","Aves","Passeriformes","Acrocephalidae","Acrocephalus","Acrocephalus arundinaceus","","SPECIES","Acrocephalus arundinaceus (Linnaeus, 1758)","Acrocephalus arundinaceus","","IT","","Lombardia","PRESENT",NA,"28eb1a3f-1c15-4a95-931a-4af90ecb574d",46.17866,9.42824,4,NA,NA,NA,NA,NA,"2019-06-01T09:16:01",1,6,2019,2493128,2493128,"HUMAN_OBSERVATION","iNaturalist","Observations","26161844",NA,"parco_orobie_valtellinesi","2019-06-01T07:17:56","CC_BY_NC_4_0","parco_orobie_valtellinesi","parco_orobie_valtellinesi",NA,"","2023-06-14 09:41:49","StillImage","COORDINATE_ROUNDED;CONTINENT_DERIVED_FROM_COORDINATES","POINT (9.42824 46.17866)"
2231623103,"4fa7b334-ce0d-4e88-aaae-2e0c138d049e","URN:catalog:CLO:EBIRD:OBS684545691","Animalia","Chordata","Aves","Passeriformes","Acrocephalidae","Acrocephalus","Acrocephalus arundinaceus","","SPECIES","Acrocephalus arundinaceus (Linnaeus, 1758)","Acrocephalus arundinaceus","","IT","Pian di Spagna","Lombardia","PRESENT",1,"e2e717bf-551a-4917-bdc9-4fa0f342c530",46.16102,9.38803,NA,NA,NA,NA,NA,NA,"2014-04-13T00:00:00",13,4,2014,2493128,2493128,"HUMAN_OBSERVATION","CLO","EBIRD","OBS684545691",NA,"","","CC_BY_4_0","","obsr212715",NA,"","2023-06-07 15:24:26","","CONTINENT_DERIVED_FROM_COORDINATES","POINT (9.38803 46.16102)"
2075667142,"4fa7b334-ce0d-4e88-aaae-2e0c138d049e","URN:catalog:CLO:EBIRD:OBS504545186","Animalia","Chordata","Aves","Passeriformes","Acrocephalidae","Acrocephalus","Acrocephalus arundinaceus","","SPECIES","Acrocephalus arundinaceus (Linnaeus, 1758)","Acrocephalus arundinaceus","","IT","Riserva Naturale Pian di Spagna e Lago di Mezzola","Lombardia","PRESENT",8,"e2e717bf-551a-4917-bdc9-4fa0f342c530",46.18102,9.42953,NA,NA,NA,NA,NA,NA,"2017-05-17T00:00:00",17,5,2017,2493128,2493128,"HUMAN_OBSERVATION","CLO","EBIRD","OBS504545186",NA,"","","CC_BY_4_0","","obsr112627",NA,"","2023-06-07 15:07:06","","CONTINENT_DERIVED_FROM_COORDINATES","POINT (9.42953 46.18102)"
2072621296,"4fa7b334-ce0d-4e88-aaae-2e0c138d049e","URN:catalog:CLO:EBIRD:OBS501097914","Animalia","Chordata","Aves","Passeriformes","Acrocephalidae","Acrocephalus","Acrocephalus arundinaceus","","SPECIES","Acrocephalus arundinaceus (Linnaeus, 1758)","Acrocephalus arundinaceus","","IT","Sorico--Via Dascio","Lombardia","PRESENT",1,"e2e717bf-551a-4917-bdc9-4fa0f342c530",46.18828,9.41997,NA,NA,NA,NA,NA,NA,"2017-05-17T00:00:00",17,5,2017,2493128,2493128,"HUMAN_OBSERVATION","CLO","EBIRD","OBS501097914",NA,"","","CC_BY_4_0","","obsr904219",NA,"","2023-06-07 15:21:48","","CONTINENT_DERIVED_FROM_COORDINATES","POINT (9.41997 46.18828)"
2070132961,"4fa7b334-ce0d-4e88-aaae-2e0c138d049e","URN:catalog:CLO:EBIRD:OBS504662548","Animalia","Chordata","Aves","Passeriformes","Acrocephalidae","Acrocephalus","Acrocephalus arundinaceus","","SPECIES","Acrocephalus arundinaceus (Linnaeus, 1758)","Acrocephalus arundinaceus","","IT","Riserva Naturale Pian di Spagna e Lago di Mezzola","Lombardia","PRESENT",5,"e2e717bf-551a-4917-bdc9-4fa0f342c530",46.18102,9.42953,NA,NA,NA,NA,NA,NA,"2017-05-22T00:00:00",22,5,2017,2493128,2493128,"HUMAN_OBSERVATION","CLO","EBIRD","OBS504662548",NA,"","","CC_BY_4_0","","obsr112627",NA,"","2023-06-07 15:23:01","","CONTINENT_DERIVED_FROM_COORDINATES","POINT (9.42953 46.18102)"
1847574448,"50c9509d-22c7-4a22-a47d-8c48425ef4a7","https://www.inaturalist.org/observations/12686998","Animalia","Chordata","Aves","Passeriformes","Acrocephalidae","Acrocephalus","Acrocephalus arundinaceus","","SPECIES","Acrocephalus arundinaceus (Linnaeus, 1758)","Acrocephalus arundinaceus","","IT","","Lombardia","PRESENT",NA,"28eb1a3f-1c15-4a95-931a-4af90ecb574d",46.15556,9.38916,511,NA,NA,NA,NA,NA,"2018-05-21T22:20:00",21,5,2018,2493128,2493128,"HUMAN_OBSERVATION","iNaturalist","Observations","12686998",NA,"Roberto Brembilla","2018-05-21T20:21:33","CC_BY_NC_4_0","Roberto Brembilla","Roberto Brembilla",NA,"","2023-06-14 09:41:10","StillImage","COORDINATE_ROUNDED;CONTINENT_DERIVED_FROM_COORDINATES","POINT (9.38916 46.15556)"
1847492595,"50c9509d-22c7-4a22-a47d-8c48425ef4a7","https://www.inaturalist.org/observations/12351255","Animalia","Chordata","Aves","Passeriformes","Acrocephalidae","Acrocephalus","Acrocephalus arundinaceus","","SPECIES","Acrocephalus arundinaceus (Linnaeus, 1758)","Acrocephalus arundinaceus","","IT","","Lombardia","PRESENT",NA,"28eb1a3f-1c15-4a95-931a-4af90ecb574d",46.1567,9.39567,771,NA,NA,NA,NA,NA,"2018-05-11T17:03:00",11,5,2018,2493128,2493128,"HUMAN_OBSERVATION","iNaturalist","Observations","12351255",NA,"Roberto Brembilla","2018-05-11T15:04:35","CC_BY_NC_4_0","Roberto Brembilla","Roberto Brembilla",NA,"","2023-06-14 09:41:11","StillImage","COORDINATE_ROUNDED;CONTINENT_DERIVED_FROM_COORDINATES","POINT (9.39567 46.1567)"
1765427285,"4fa7b334-ce0d-4e88-aaae-2e0c138d049e","URN:catalog:CLO:EBIRD:OBS434251701","Animalia","Chordata","Aves","Passeriformes","Acrocephalidae","Acrocephalus","Acrocephalus arundinaceus","","SPECIES","Acrocephalus arundinaceus (Linnaeus, 1758)","Acrocephalus arundinaceus","","IT","Riserva Naturale Pian di Spagna e Lago di Mezzola","Lombardia","PRESENT",3,"e2e717bf-551a-4917-bdc9-4fa0f342c530",46.18102,9.42953,NA,NA,NA,NA,NA,NA,"2016-08-12T00:00:00",12,8,2016,2493128,2493128,"HUMAN_OBSERVATION","CLO","EBIRD","OBS434251701",NA,"","","CC_BY_4_0","","obsr112627",NA,"","2023-06-07 15:22:16","","CONTINENT_DERIVED_FROM_COORDINATES","POINT (9.42953 46.18102)"
1748061859,"4fa7b334-ce0d-4e88-aaae-2e0c138d049e","URN:catalog:CLO:EBIRD:OBS415136174","Animalia","Chordata","Aves","Passeriformes","Acrocephalidae","Acrocephalus","Acrocephalus arundinaceus","","SPECIES","Acrocephalus arundinaceus (Linnaeus, 1758)","Acrocephalus arundinaceus","","IT","Riserva Naturale Pian di Spagna Lago di Mezzola River trail","Lombardia","PRESENT",4,"e2e717bf-551a-4917-bdc9-4fa0f342c530",46.15176,9.38548,NA,NA,NA,NA,NA,NA,"2016-06-26T00:00:00",26,6,2016,2493128,2493128,"HUMAN_OBSERVATION","CLO","EBIRD","OBS415136174",NA,"","","CC_BY_4_0","","obsr53921",NA,"","2023-06-07 15:19:52","","CONTINENT_DERIVED_FROM_COORDINATES","POINT (9.38548 46.15176)"
1736187517,"4fa7b334-ce0d-4e88-aaae-2e0c138d049e","URN:catalog:CLO:EBIRD:OBS401157679","Animalia","Chordata","Aves","Passeriformes","Acrocephalidae","Acrocephalus","Acrocephalus arundinaceus","","SPECIES","Acrocephalus arundinaceus (Linnaeus, 1758)","Acrocephalus arundinaceus","","IT","Riserva Naturale Pian di Spagna e Lago di Mezzola","Lombardia","PRESENT",2,"e2e717bf-551a-4917-bdc9-4fa0f342c530",46.18102,9.42953,NA,NA,NA,NA,NA,NA,"2016-05-07T00:00:00",7,5,2016,2493128,2493128,"HUMAN_OBSERVATION","CLO","EBIRD","OBS401157679",NA,"","","CC_BY_4_0","","obsr112627",NA,"","2023-06-07 15:20:31","","CONTINENT_DERIVED_FROM_COORDINATES","POINT (9.42953 46.18102)"
