"gbifID","datasetKey","occurrenceID","kingdom","phylum","class","order","family","genus","species","infraspecificEpithet","taxonRank","scientificName","verbatimScientificName","verbatimScientificNameAuthorship","countryCode","locality","stateProvince","occurrenceStatus","individualCount","publishingOrgKey","decimalLatitude","decimalLongitude","coordinateUncertaintyInMeters","coordinatePrecision","elevation","elevationAccuracy","depth","depthAccuracy","eventDate","day","month","year","taxonKey","speciesKey","basisOfRecord","institutionCode","collectionCode","catalogNumber","recordNumber","identifiedBy","dateIdentified","license","rightsHolder","recordedBy","typeStatus","establishmentMeans","lastInterpreted","mediaType","issue","points_wkt"
3688916917,"4fa7b334-ce0d-4e88-aaae-2e0c138d049e","URN:catalog:CLO:EBIRD:OBS1176351346","Animalia","Chordata","Aves","Passeriformes","Acrocephalidae","Acrocephalus","Acrocephalus arundinaceus","","SPECIES","Acrocephalus arundinaceus (Linnaeus, 1758)","Acrocephalus arundinaceus","","IT","Diaccia Botrona","Toscana","PRESENT",1,"e2e717bf-551a-4917-bdc9-4fa0f342c530",42.76477,10.92372,NA,NA,NA,NA,NA,NA,"2021-06-05T00:00:00",5,6,2021,2493128,2493128,"HUMAN_OBSERVATION","CLO","EBIRD","OBS1176351346",NA,"","","CC_BY_4_0","","obsr295236",NA,"","2023-06-07 15:15:29","","COORDINATE_ROUNDED;CONTINENT_DERIVED_FROM_COORDINATES","POINT (10.92372 42.76477)"
3166713476,"4fa7b334-ce0d-4e88-aaae-2e0c138d049e","URN:catalog:CLO:EBIRD:OBS960600100","Animalia","Chordata","Aves","Passeriformes","Acrocephalidae","Acrocephalus","Acrocephalus arundinaceus","","SPECIES","Acrocephalus arundinaceus (Linnaeus, 1758)","Acrocephalus arundinaceus","","IT","Diaccia Botrona--Padule Aperto","Toscana","PRESENT",1,"e2e717bf-551a-4917-bdc9-4fa0f342c530",42.78355,10.94244,NA,NA,NA,NA,NA,NA,"2020-07-26T00:00:00",26,7,2020,2493128,2493128,"HUMAN_OBSERVATION","CLO","EBIRD","OBS960600100",NA,"","","CC_BY_4_0","","obsr866130",NA,"","2023-06-07 15:27:51","","CONTINENT_DERIVED_FROM_COORDINATES","POINT (10.94244 42.78355)"
2842671990,"8a863029-f435-446a-821e-275f4f641165","https://observation.org/observation/101933382","Animalia","Chordata","Aves","Passeriformes","Acrocephalidae","Acrocephalus","Acrocephalus arundinaceus","","SPECIES","Acrocephalus arundinaceus (Linnaeus, 1758)","Acrocephalus arundinaceus","","IT","Italy - Castiglione della Pescaia (comuni)","","PRESENT",1,"c8d737e0-2ff8-42e8-b8fc-6b805d26fc5f",42.76882,10.90144,25,NA,NA,NA,NA,NA,"2015-04-30T00:00:00",30,4,2015,2493128,2493128,"HUMAN_OBSERVATION","","Observations","OBS.101933382",NA,"","","CC_BY_NC_4_0","Stichting Observation International","User 81164",NA,"","2023-06-13 15:58:45","","COORDINATE_ROUNDED;CONTINENT_DERIVED_FROM_COORDINATES;OCCURRENCE_STATUS_INFERRED_FROM_INDIVIDUAL_COUNT","POINT (10.90144 42.76882)"
2761516559,"4fa7b334-ce0d-4e88-aaae-2e0c138d049e","URN:catalog:CLO:EBIRD:OBS780403058","Animalia","Chordata","Aves","Passeriformes","Acrocephalidae","Acrocephalus","Acrocephalus arundinaceus","","SPECIES","Acrocephalus arundinaceus (Linnaeus, 1758)","Acrocephalus arundinaceus","","IT","Diaccia Botrona","Toscana","PRESENT",1,"e2e717bf-551a-4917-bdc9-4fa0f342c530",42.76477,10.92372,NA,NA,NA,NA,NA,NA,"2014-07-11T00:00:00",11,7,2014,2493128,2493128,"HUMAN_OBSERVATION","CLO","EBIRD","OBS780403058",NA,"","","CC_BY_4_0","","obsr290864",NA,"","2023-06-07 15:18:46","","COORDINATE_ROUNDED;CONTINENT_DERIVED_FROM_COORDINATES","POINT (10.92372 42.76477)"
2691673366,"4fa7b334-ce0d-4e88-aaae-2e0c138d049e","URN:catalog:CLO:EBIRD:OBS775591192","Animalia","Chordata","Aves","Passeriformes","Acrocephalidae","Acrocephalus","Acrocephalus arundinaceus","","SPECIES","Acrocephalus arundinaceus (Linnaeus, 1758)","Acrocephalus arundinaceus","","IT","Diaccia Botrona","Toscana","PRESENT",1,"e2e717bf-551a-4917-bdc9-4fa0f342c530",42.76477,10.92372,NA,NA,NA,NA,NA,NA,"2019-06-14T00:00:00",14,6,2019,2493128,2493128,"HUMAN_OBSERVATION","CLO","EBIRD","OBS775591192",NA,"","","CC_BY_4_0","","obsr290864",NA,"","2023-06-07 15:09:17","","COORDINATE_ROUNDED;CONTINENT_DERIVED_FROM_COORDINATES","POINT (10.92372 42.76477)"
1745042132,"4fa7b334-ce0d-4e88-aaae-2e0c138d049e","URN:catalog:CLO:EBIRD:OBS411574298","Animalia","Chordata","Aves","Passeriformes","Acrocephalidae","Acrocephalus","Acrocephalus arundinaceus","","SPECIES","Acrocephalus arundinaceus (Linnaeus, 1758)","Acrocephalus arundinaceus","","IT","Diaccia Botrona","Toscana","PRESENT",3,"e2e717bf-551a-4917-bdc9-4fa0f342c530",42.76477,10.92372,NA,NA,NA,NA,NA,NA,"2016-06-12T00:00:00",12,6,2016,2493128,2493128,"HUMAN_OBSERVATION","CLO","EBIRD","OBS411574298",NA,"","","CC_BY_4_0","","obsr295236",NA,"","2023-06-07 15:21:48","","COORDINATE_ROUNDED;CONTINENT_DERIVED_FROM_COORDINATES","POINT (10.92372 42.76477)"
