"gbifID","datasetKey","occurrenceID","kingdom","phylum","class","order","family","genus","species","infraspecificEpithet","taxonRank","scientificName","verbatimScientificName","verbatimScientificNameAuthorship","countryCode","locality","stateProvince","occurrenceStatus","individualCount","publishingOrgKey","decimalLatitude","decimalLongitude","coordinateUncertaintyInMeters","coordinatePrecision","elevation","elevationAccuracy","depth","depthAccuracy","eventDate","day","month","year","taxonKey","speciesKey","basisOfRecord","institutionCode","collectionCode","catalogNumber","recordNumber","identifiedBy","dateIdentified","license","rightsHolder","recordedBy","typeStatus","establishmentMeans","lastInterpreted","mediaType","issue","points_wkt"
3590081195,"4fa7b334-ce0d-4e88-aaae-2e0c138d049e","URN:catalog:CLO:EBIRD:OBS1121715701","Animalia","Chordata","Aves","Passeriformes","Acrocephalidae","Acrocephalus","Acrocephalus arundinaceus","","SPECIES","Acrocephalus arundinaceus (Linnaeus, 1758)","Acrocephalus arundinaceus","","IT","Valli di Argenta--settore Sud (south sector)","Emilia-Romagna","PRESENT",2,"e2e717bf-551a-4917-bdc9-4fa0f342c530",44.5711,11.83676,NA,NA,NA,NA,NA,NA,"2021-04-15T00:00:00",15,4,2021,2493128,2493128,"HUMAN_OBSERVATION","CLO","EBIRD","OBS1121715701",NA,"","","CC_BY_4_0","","obsr608674",NA,"","2023-06-07 15:29:02","","CONTINENT_DERIVED_FROM_COORDINATES","POINT (11.83676 44.5711)"
2765664035,"4fa7b334-ce0d-4e88-aaae-2e0c138d049e","URN:catalog:CLO:EBIRD:OBS764716099","Animalia","Chordata","Aves","Passeriformes","Acrocephalidae","Acrocephalus","Acrocephalus arundinaceus","","SPECIES","Acrocephalus arundinaceus (Linnaeus, 1758)","Acrocephalus arundinaceus","","IT","Valli di Argenta--settore Sud (south sector)","Emilia-Romagna","PRESENT",1,"e2e717bf-551a-4917-bdc9-4fa0f342c530",44.5711,11.83676,NA,NA,NA,NA,NA,NA,"2019-05-23T00:00:00",23,5,2019,2493128,2493128,"HUMAN_OBSERVATION","CLO","EBIRD","OBS764716099",NA,"","","CC_BY_4_0","","obsr328880",NA,"","2023-06-07 15:24:52","","CONTINENT_DERIVED_FROM_COORDINATES","POINT (11.83676 44.5711)"
2732502737,"4fa7b334-ce0d-4e88-aaae-2e0c138d049e","URN:catalog:CLO:EBIRD:OBS746313378","Animalia","Chordata","Aves","Passeriformes","Acrocephalidae","Acrocephalus","Acrocephalus arundinaceus","","SPECIES","Acrocephalus arundinaceus (Linnaeus, 1758)","Acrocephalus arundinaceus","","IT","Valli di Argenta--settore Sud (south sector)","Emilia-Romagna","PRESENT",1,"e2e717bf-551a-4917-bdc9-4fa0f342c530",44.5711,11.83676,NA,NA,NA,NA,NA,NA,"2019-04-28T00:00:00",28,4,2019,2493128,2493128,"HUMAN_OBSERVATION","CLO","EBIRD","OBS746313378",NA,"","","CC_BY_4_0","","obsr608674",NA,"","2023-06-07 15:08:41","","CONTINENT_DERIVED_FROM_COORDINATES","POINT (11.83676 44.5711)"
2689459507,"4fa7b334-ce0d-4e88-aaae-2e0c138d049e","URN:catalog:CLO:EBIRD:OBS766567676","Animalia","Chordata","Aves","Passeriformes","Acrocephalidae","Acrocephalus","Acrocephalus arundinaceus","","SPECIES","Acrocephalus arundinaceus (Linnaeus, 1758)","Acrocephalus arundinaceus","","IT","Valli di Argenta--settore Sud (south sector)","Emilia-Romagna","PRESENT",2,"e2e717bf-551a-4917-bdc9-4fa0f342c530",44.5711,11.83676,NA,NA,NA,NA,NA,NA,"2019-05-26T00:00:00",26,5,2019,2493128,2493128,"HUMAN_OBSERVATION","CLO","EBIRD","OBS766567676",NA,"","","CC_BY_4_0","","obsr608674",NA,"","2023-06-07 15:09:24","","CONTINENT_DERIVED_FROM_COORDINATES","POINT (11.83676 44.5711)"
2172156090,"4fa7b334-ce0d-4e88-aaae-2e0c138d049e","URN:catalog:CLO:EBIRD:OBS617103585","Animalia","Chordata","Aves","Passeriformes","Acrocephalidae","Acrocephalus","Acrocephalus arundinaceus","","SPECIES","Acrocephalus arundinaceus (Linnaeus, 1758)","Acrocephalus arundinaceus","","IT","Valli di Argenta--settore Sud (south sector)","Emilia-Romagna","PRESENT",1,"e2e717bf-551a-4917-bdc9-4fa0f342c530",44.5711,11.83676,NA,NA,NA,NA,NA,NA,"2018-05-13T00:00:00",13,5,2018,2493128,2493128,"HUMAN_OBSERVATION","CLO","EBIRD","OBS617103585",NA,"","","CC_BY_4_0","","obsr608674",NA,"","2023-06-07 15:23:07","","CONTINENT_DERIVED_FROM_COORDINATES","POINT (11.83676 44.5711)"
2055320704,"4fa7b334-ce0d-4e88-aaae-2e0c138d049e","URN:catalog:CLO:EBIRD:OBS502212966","Animalia","Chordata","Aves","Passeriformes","Acrocephalidae","Acrocephalus","Acrocephalus arundinaceus","","SPECIES","Acrocephalus arundinaceus (Linnaeus, 1758)","Acrocephalus arundinaceus","","IT","Valli di Argenta--settore Sud (south sector)","Emilia-Romagna","PRESENT",3,"e2e717bf-551a-4917-bdc9-4fa0f342c530",44.5711,11.83676,NA,NA,NA,NA,NA,NA,"2017-05-20T00:00:00",20,5,2017,2493128,2493128,"HUMAN_OBSERVATION","CLO","EBIRD","OBS502212966",NA,"","","CC_BY_4_0","","obsr608674",NA,"","2023-06-07 15:06:08","","CONTINENT_DERIVED_FROM_COORDINATES","POINT (11.83676 44.5711)"
1740294144,"4fa7b334-ce0d-4e88-aaae-2e0c138d049e","URN:catalog:CLO:EBIRD:OBS405942187","Animalia","Chordata","Aves","Passeriformes","Acrocephalidae","Acrocephalus","Acrocephalus arundinaceus","","SPECIES","Acrocephalus arundinaceus (Linnaeus, 1758)","Acrocephalus arundinaceus","","IT","Valli di Argenta--settore Sud (south sector)","Emilia-Romagna","PRESENT",1,"e2e717bf-551a-4917-bdc9-4fa0f342c530",44.5711,11.83676,NA,NA,NA,NA,NA,NA,"2016-05-22T00:00:00",22,5,2016,2493128,2493128,"HUMAN_OBSERVATION","CLO","EBIRD","OBS405942187",NA,"","","CC_BY_4_0","","obsr608674",NA,"","2023-06-07 15:20:07","","CONTINENT_DERIVED_FROM_COORDINATES","POINT (11.83676 44.5711)"
1166248934,"4fa7b334-ce0d-4e88-aaae-2e0c138d049e","URN:catalog:CLO:EBIRD:OBS248173896","Animalia","Chordata","Aves","Passeriformes","Acrocephalidae","Acrocephalus","Acrocephalus arundinaceus","","SPECIES","Acrocephalus arundinaceus (Linnaeus, 1758)","Acrocephalus arundinaceus","","IT","Valli di Argenta--settore Sud (south sector)","Emilia-Romagna","PRESENT",5,"e2e717bf-551a-4917-bdc9-4fa0f342c530",44.5711,11.83676,NA,NA,NA,NA,NA,NA,"2014-04-20T00:00:00",20,4,2014,2493128,2493128,"HUMAN_OBSERVATION","CLO","EBIRD","OBS248173896",NA,"","","CC_BY_4_0","","obsr306297",NA,"","2023-06-07 15:23:32","","CONTINENT_DERIVED_FROM_COORDINATES","POINT (11.83676 44.5711)"
1165613143,"4fa7b334-ce0d-4e88-aaae-2e0c138d049e","URN:catalog:CLO:EBIRD:OBS247536906","Animalia","Chordata","Aves","Passeriformes","Acrocephalidae","Acrocephalus","Acrocephalus arundinaceus","","SPECIES","Acrocephalus arundinaceus (Linnaeus, 1758)","Acrocephalus arundinaceus","","IT","Valli di Argenta--settore Sud (south sector)","Emilia-Romagna","PRESENT",5,"e2e717bf-551a-4917-bdc9-4fa0f342c530",44.5711,11.83676,NA,NA,NA,NA,NA,NA,"2014-04-20T00:00:00",20,4,2014,2493128,2493128,"HUMAN_OBSERVATION","CLO","EBIRD","OBS247536906",NA,"","","CC_BY_4_0","","obsr331724",NA,"","2023-06-07 15:18:33","","CONTINENT_DERIVED_FROM_COORDINATES","POINT (11.83676 44.5711)"
