"gbifID","datasetKey","occurrenceID","kingdom","phylum","class","order","family","genus","species","infraspecificEpithet","taxonRank","scientificName","verbatimScientificName","verbatimScientificNameAuthorship","countryCode","locality","stateProvince","occurrenceStatus","individualCount","publishingOrgKey","decimalLatitude","decimalLongitude","coordinateUncertaintyInMeters","coordinatePrecision","elevation","elevationAccuracy","depth","depthAccuracy","eventDate","day","month","year","taxonKey","speciesKey","basisOfRecord","institutionCode","collectionCode","catalogNumber","recordNumber","identifiedBy","dateIdentified","license","rightsHolder","recordedBy","typeStatus","establishmentMeans","lastInterpreted","mediaType","issue","points_wkt"
3564230263,"4fa7b334-ce0d-4e88-aaae-2e0c138d049e","URN:catalog:CLO:EBIRD:OBS1217358992","Animalia","Chordata","Aves","Passeriformes","Acrocephalidae","Acrocephalus","Acrocephalus arundinaceus","","SPECIES","Acrocephalus arundinaceus (Linnaeus, 1758)","Acrocephalus arundinaceus","","IT","Palude di Colfiorito","Umbria","PRESENT",1,"e2e717bf-551a-4917-bdc9-4fa0f342c530",43.02382,12.87309,NA,NA,NA,NA,NA,NA,"2021-08-14T00:00:00",14,8,2021,2493128,2493128,"HUMAN_OBSERVATION","CLO","EBIRD","OBS1217358992",NA,"","","CC_BY_4_0","","obsr644186",NA,"","2023-06-07 15:15:35","","CONTINENT_DERIVED_FROM_COORDINATES","POINT (12.87309 43.02382)"
3563774967,"4fa7b334-ce0d-4e88-aaae-2e0c138d049e","URN:catalog:CLO:EBIRD:OBS1305849397","Animalia","Chordata","Aves","Passeriformes","Acrocephalidae","Acrocephalus","Acrocephalus arundinaceus","","SPECIES","Acrocephalus arundinaceus (Linnaeus, 1758)","Acrocephalus arundinaceus","","IT","Palude di Colfiorito","Umbria","PRESENT",2,"e2e717bf-551a-4917-bdc9-4fa0f342c530",43.02382,12.87309,NA,NA,NA,NA,NA,NA,"2021-08-21T00:00:00",21,8,2021,2493128,2493128,"HUMAN_OBSERVATION","CLO","EBIRD","OBS1305849397",NA,"","","CC_BY_4_0","","obsr2849195",NA,"","2023-06-07 15:15:29","","CONTINENT_DERIVED_FROM_COORDINATES","POINT (12.87309 43.02382)"
2767029425,"4fa7b334-ce0d-4e88-aaae-2e0c138d049e","URN:catalog:CLO:EBIRD:OBS780894479","Animalia","Chordata","Aves","Passeriformes","Acrocephalidae","Acrocephalus","Acrocephalus arundinaceus","","SPECIES","Acrocephalus arundinaceus (Linnaeus, 1758)","Acrocephalus arundinaceus","","IT","Palude di Colfiorito","Umbria","PRESENT",1,"e2e717bf-551a-4917-bdc9-4fa0f342c530",43.02382,12.87309,NA,NA,NA,NA,NA,NA,"2019-07-01T00:00:00",1,7,2019,2493128,2493128,"HUMAN_OBSERVATION","CLO","EBIRD","OBS780894479",NA,"","","CC_BY_4_0","","obsr512651",NA,"","2023-06-07 15:31:44","","CONTINENT_DERIVED_FROM_COORDINATES","POINT (12.87309 43.02382)"
2079186268,"4fa7b334-ce0d-4e88-aaae-2e0c138d049e","URN:catalog:CLO:EBIRD:OBS509081670","Animalia","Chordata","Aves","Passeriformes","Acrocephalidae","Acrocephalus","Acrocephalus arundinaceus","","SPECIES","Acrocephalus arundinaceus (Linnaeus, 1758)","Acrocephalus arundinaceus","","IT","Forcatura","Umbria","PRESENT",1,"e2e717bf-551a-4917-bdc9-4fa0f342c530",43.02286,12.86913,NA,NA,NA,NA,NA,NA,"2017-06-07T00:00:00",7,6,2017,2493128,2493128,"HUMAN_OBSERVATION","CLO","EBIRD","OBS509081670",NA,"","","CC_BY_4_0","","obsr453125",NA,"","2023-06-07 15:06:27","","CONTINENT_DERIVED_FROM_COORDINATES","POINT (12.86913 43.02286)"
