"gbifID","datasetKey","occurrenceID","kingdom","phylum","class","order","family","genus","species","infraspecificEpithet","taxonRank","scientificName","verbatimScientificName","verbatimScientificNameAuthorship","countryCode","locality","stateProvince","occurrenceStatus","individualCount","publishingOrgKey","decimalLatitude","decimalLongitude","coordinateUncertaintyInMeters","coordinatePrecision","elevation","elevationAccuracy","depth","depthAccuracy","eventDate","day","month","year","taxonKey","speciesKey","basisOfRecord","institutionCode","collectionCode","catalogNumber","recordNumber","identifiedBy","dateIdentified","license","rightsHolder","recordedBy","typeStatus","establishmentMeans","lastInterpreted","mediaType","issue","points_wkt"
3620328807,"4fa7b334-ce0d-4e88-aaae-2e0c138d049e","URN:catalog:CLO:EBIRD:OBS1136574242","Animalia","Chordata","Aves","Passeriformes","Acrocephalidae","Acrocephalus","Acrocephalus arundinaceus","","SPECIES","Acrocephalus arundinaceus (Linnaeus, 1758)","Acrocephalus arundinaceus","","IT","Pialassa della Baiona","Emilia-Romagna","PRESENT",3,"e2e717bf-551a-4917-bdc9-4fa0f342c530",44.50725,12.24538,NA,NA,NA,NA,NA,NA,"2021-04-30T00:00:00",30,4,2021,2493128,2493128,"HUMAN_OBSERVATION","CLO","EBIRD","OBS1136574242",NA,"","","CC_BY_4_0","","obsr1756759",NA,"","2023-06-07 15:14:24","","CONTINENT_DERIVED_FROM_COORDINATES","POINT (12.24538 44.50725)"
2715285059,"4fa7b334-ce0d-4e88-aaae-2e0c138d049e","URN:catalog:CLO:EBIRD:OBS871315957","Animalia","Chordata","Aves","Passeriformes","Acrocephalidae","Acrocephalus","Acrocephalus arundinaceus","","SPECIES","Acrocephalus arundinaceus (Linnaeus, 1758)","Acrocephalus arundinaceus","","IT","Pialassa della Baiona","Emilia-Romagna","PRESENT",NA,"e2e717bf-551a-4917-bdc9-4fa0f342c530",44.50725,12.24538,NA,NA,NA,NA,NA,NA,"2016-04-15T00:00:00",15,4,2016,2493128,2493128,"HUMAN_OBSERVATION","CLO","EBIRD","OBS871315957",NA,"","","CC_BY_4_0","","obsr789672",NA,"","2023-06-07 15:11:17","","CONTINENT_DERIVED_FROM_COORDINATES","POINT (12.24538 44.50725)"
1166342967,"4fa7b334-ce0d-4e88-aaae-2e0c138d049e","URN:catalog:CLO:EBIRD:OBS248260159","Animalia","Chordata","Aves","Passeriformes","Acrocephalidae","Acrocephalus","Acrocephalus arundinaceus","","SPECIES","Acrocephalus arundinaceus (Linnaeus, 1758)","Acrocephalus arundinaceus","","IT","Pialassa della Baiona","Emilia-Romagna","PRESENT",5,"e2e717bf-551a-4917-bdc9-4fa0f342c530",44.50725,12.24538,NA,NA,NA,NA,NA,NA,"2014-04-18T00:00:00",18,4,2014,2493128,2493128,"HUMAN_OBSERVATION","CLO","EBIRD","OBS248260159",NA,"","","CC_BY_4_0","","obsr306297",NA,"","2023-06-07 15:02:57","","CONTINENT_DERIVED_FROM_COORDINATES","POINT (12.24538 44.50725)"
1165620139,"4fa7b334-ce0d-4e88-aaae-2e0c138d049e","URN:catalog:CLO:EBIRD:OBS247523302","Animalia","Chordata","Aves","Passeriformes","Acrocephalidae","Acrocephalus","Acrocephalus arundinaceus","","SPECIES","Acrocephalus arundinaceus (Linnaeus, 1758)","Acrocephalus arundinaceus","","IT","Pialassa della Baiona","Emilia-Romagna","PRESENT",5,"e2e717bf-551a-4917-bdc9-4fa0f342c530",44.50725,12.24538,NA,NA,NA,NA,NA,NA,"2014-04-18T00:00:00",18,4,2014,2493128,2493128,"HUMAN_OBSERVATION","CLO","EBIRD","OBS247523302",NA,"","","CC_BY_4_0","","obsr331724",NA,"","2023-06-07 15:02:33","","CONTINENT_DERIVED_FROM_COORDINATES","POINT (12.24538 44.50725)"
