"gbifID","datasetKey","occurrenceID","kingdom","phylum","class","order","family","genus","species","infraspecificEpithet","taxonRank","scientificName","verbatimScientificName","verbatimScientificNameAuthorship","countryCode","locality","stateProvince","occurrenceStatus","individualCount","publishingOrgKey","decimalLatitude","decimalLongitude","coordinateUncertaintyInMeters","coordinatePrecision","elevation","elevationAccuracy","depth","depthAccuracy","eventDate","day","month","year","taxonKey","speciesKey","basisOfRecord","institutionCode","collectionCode","catalogNumber","recordNumber","identifiedBy","dateIdentified","license","rightsHolder","recordedBy","typeStatus","establishmentMeans","lastInterpreted","mediaType","issue","points_wkt"
2795624075,"4fa7b334-ce0d-4e88-aaae-2e0c138d049e","URN:catalog:CLO:EBIRD:OBS789969580","Animalia","Chordata","Aves","Passeriformes","Acrocephalidae","Acrocephalus","Acrocephalus arundinaceus","","SPECIES","Acrocephalus arundinaceus (Linnaeus, 1758)","Acrocephalus arundinaceus","","IT","Riserva Naturale della Valle Cavanata","Friuli-Venezia Giulia","PRESENT",3,"e2e717bf-551a-4917-bdc9-4fa0f342c530",45.71981,13.47294,NA,NA,NA,NA,NA,NA,"2019-07-30T00:00:00",30,7,2019,2493128,2493128,"HUMAN_OBSERVATION","CLO","EBIRD","OBS789969580",NA,"","","CC_BY_4_0","","obsr898772",NA,"","2023-06-07 15:26:43","","CONTINENT_DERIVED_FROM_COORDINATES","POINT (13.47294 45.71981)"
2686742848,"4fa7b334-ce0d-4e88-aaae-2e0c138d049e","URN:catalog:CLO:EBIRD:OBS782827257","Animalia","Chordata","Aves","Passeriformes","Acrocephalidae","Acrocephalus","Acrocephalus arundinaceus","","SPECIES","Acrocephalus arundinaceus (Linnaeus, 1758)","Acrocephalus arundinaceus","","IT","Riserva Naturale della Valle Cavanata","Friuli-Venezia Giulia","PRESENT",2,"e2e717bf-551a-4917-bdc9-4fa0f342c530",45.71981,13.47294,NA,NA,NA,NA,NA,NA,"2019-07-07T00:00:00",7,7,2019,2493128,2493128,"HUMAN_OBSERVATION","CLO","EBIRD","OBS782827257",NA,"","","CC_BY_4_0","","obsr548479",NA,"","2023-06-07 15:26:49","","CONTINENT_DERIVED_FROM_COORDINATES","POINT (13.47294 45.71981)"
1743524078,"4fa7b334-ce0d-4e88-aaae-2e0c138d049e","URN:catalog:CLO:EBIRD:OBS409870352","Animalia","Chordata","Aves","Passeriformes","Acrocephalidae","Acrocephalus","Acrocephalus arundinaceus","","SPECIES","Acrocephalus arundinaceus (Linnaeus, 1758)","Acrocephalus arundinaceus","","IT","Riserva Naturale della Valle Cavanata","Friuli-Venezia Giulia","PRESENT",1,"e2e717bf-551a-4917-bdc9-4fa0f342c530",45.71981,13.47294,NA,NA,NA,NA,NA,NA,"2016-05-05T00:00:00",5,5,2016,2493128,2493128,"HUMAN_OBSERVATION","CLO","EBIRD","OBS409870352",NA,"","","CC_BY_4_0","","obsr644262",NA,"","2023-06-07 15:04:58","","CONTINENT_DERIVED_FROM_COORDINATES","POINT (13.47294 45.71981)"
1337957304,"6ac3f774-d9fb-4796-b3e9-92bf6c81c084","","Animalia","Chordata","Aves","Passeriformes","Acrocephalidae","Acrocephalus","Acrocephalus arundinaceus","","SPECIES","Acrocephalus arundinaceus (Linnaeus, 1758)","Acrocephalus arundinaceus","","IT","Valle Canavata","","PRESENT",NA,"bb646dff-a905-4403-a49b-6d378c2cf0d9",45.71121,13.47387,250,NA,NA,NA,NA,NA,"2015-08-15T00:00:00",15,8,2015,2493128,2493128,"HUMAN_OBSERVATION","naturgucker","naturgucker","-839752858",NA,"","","CC_BY_4_0","","1983859033",NA,"","2023-06-07 15:02:11","","COORDINATE_ROUNDED;GEODETIC_DATUM_ASSUMED_WGS84;CONTINENT_DERIVED_FROM_COORDINATES","POINT (13.47387 45.71121)"
