"gbifID","datasetKey","occurrenceID","kingdom","phylum","class","order","family","genus","species","infraspecificEpithet","taxonRank","scientificName","verbatimScientificName","verbatimScientificNameAuthorship","countryCode","locality","stateProvince","occurrenceStatus","individualCount","publishingOrgKey","decimalLatitude","decimalLongitude","coordinateUncertaintyInMeters","coordinatePrecision","elevation","elevationAccuracy","depth","depthAccuracy","eventDate","day","month","year","taxonKey","speciesKey","basisOfRecord","institutionCode","collectionCode","catalogNumber","recordNumber","identifiedBy","dateIdentified","license","rightsHolder","recordedBy","typeStatus","establishmentMeans","lastInterpreted","mediaType","issue","points_wkt"
3673252233,"4fa7b334-ce0d-4e88-aaae-2e0c138d049e","URN:catalog:CLO:EBIRD:OBS1304392474","Animalia","Chordata","Aves","Passeriformes","Acrocephalidae","Acrocephalus","Acrocephalus melanopogon","","SPECIES","Acrocephalus melanopogon (Temminck, 1823)","Acrocephalus melanopogon",NA,"IT","Variconi","Campania","PRESENT",4,"e2e717bf-551a-4917-bdc9-4fa0f342c530",41.02203,13.93208,NA,NA,NA,NA,NA,NA,"2021-12-24T00:00:00",24,12,2021,2493124,2493124,"HUMAN_OBSERVATION","CLO","EBIRD","OBS1304392474",NA,"","","CC_BY_4_0","","obsr212715",NA,NA,"2023-06-07 15:15:42","","CONTINENT_DERIVED_FROM_COORDINATES","POINT (13.93208 41.02203)"
3666221947,"4fa7b334-ce0d-4e88-aaae-2e0c138d049e","URN:catalog:CLO:EBIRD:OBS1303605512","Animalia","Chordata","Aves","Passeriformes","Acrocephalidae","Acrocephalus","Acrocephalus melanopogon","","SPECIES","Acrocephalus melanopogon (Temminck, 1823)","Acrocephalus melanopogon",NA,"IT","Oasi dei Variconi","Campania","PRESENT",1,"e2e717bf-551a-4917-bdc9-4fa0f342c530",41.02252,13.93077,NA,NA,NA,NA,NA,NA,"2021-12-22T00:00:00",22,12,2021,2493124,2493124,"HUMAN_OBSERVATION","CLO","EBIRD","OBS1303605512",NA,"","","CC_BY_4_0","","obsr917699",NA,NA,"2023-06-07 15:15:53","","CONTINENT_DERIVED_FROM_COORDINATES","POINT (13.93077 41.02252)"
3550089495,"4fa7b334-ce0d-4e88-aaae-2e0c138d049e","URN:catalog:CLO:EBIRD:OBS1261361240","Animalia","Chordata","Aves","Passeriformes","Acrocephalidae","Acrocephalus","Acrocephalus melanopogon","","SPECIES","Acrocephalus melanopogon (Temminck, 1823)","Acrocephalus melanopogon",NA,"IT","Oasi dei Variconi","Campania","PRESENT",2,"e2e717bf-551a-4917-bdc9-4fa0f342c530",41.02252,13.93077,NA,NA,NA,NA,NA,NA,"2021-10-19T00:00:00",19,10,2021,2493124,2493124,"HUMAN_OBSERVATION","CLO","EBIRD","OBS1261361240",NA,"","","CC_BY_4_0","","obsr917699",NA,NA,"2023-06-07 15:30:05","","CONTINENT_DERIVED_FROM_COORDINATES","POINT (13.93077 41.02252)"
3539657477,"4fa7b334-ce0d-4e88-aaae-2e0c138d049e","URN:catalog:CLO:EBIRD:OBS1061485937","Animalia","Chordata","Aves","Passeriformes","Acrocephalidae","Acrocephalus","Acrocephalus melanopogon","","SPECIES","Acrocephalus melanopogon (Temminck, 1823)","Acrocephalus melanopogon",NA,"IT","Oasi dei Variconi","Campania","PRESENT",1,"e2e717bf-551a-4917-bdc9-4fa0f342c530",41.02252,13.93077,NA,NA,NA,NA,NA,NA,"2021-01-28T00:00:00",28,1,2021,2493124,2493124,"HUMAN_OBSERVATION","CLO","EBIRD","OBS1061485937",NA,"","","CC_BY_4_0","","obsr917699",NA,NA,"2023-06-07 15:13:08","","CONTINENT_DERIVED_FROM_COORDINATES","POINT (13.93077 41.02252)"
2231168221,"4fa7b334-ce0d-4e88-aaae-2e0c138d049e","URN:catalog:CLO:EBIRD:OBS682943736","Animalia","Chordata","Aves","Passeriformes","Acrocephalidae","Acrocephalus","Acrocephalus melanopogon","","SPECIES","Acrocephalus melanopogon (Temminck, 1823)","Acrocephalus melanopogon",NA,"IT","Variconi","Campania","PRESENT",3,"e2e717bf-551a-4917-bdc9-4fa0f342c530",41.02203,13.93208,NA,NA,NA,NA,NA,NA,"2015-11-29T00:00:00",29,11,2015,2493124,2493124,"HUMAN_OBSERVATION","CLO","EBIRD","OBS682943736",NA,"","","CC_BY_4_0","","obsr212715",NA,NA,"2023-06-07 15:22:08","","CONTINENT_DERIVED_FROM_COORDINATES","POINT (13.93208 41.02203)"
2210136721,"4fa7b334-ce0d-4e88-aaae-2e0c138d049e","URN:catalog:CLO:EBIRD:OBS682966168","Animalia","Chordata","Aves","Passeriformes","Acrocephalidae","Acrocephalus","Acrocephalus melanopogon","","SPECIES","Acrocephalus melanopogon (Temminck, 1823)","Acrocephalus melanopogon",NA,"IT","Variconi","Campania","PRESENT",2,"e2e717bf-551a-4917-bdc9-4fa0f342c530",41.02203,13.93208,NA,NA,NA,NA,NA,NA,"2014-02-14T00:00:00",14,2,2014,2493124,2493124,"HUMAN_OBSERVATION","CLO","EBIRD","OBS682966168",NA,"","","CC_BY_4_0","","obsr212715",NA,NA,"2023-06-07 15:25:46","","CONTINENT_DERIVED_FROM_COORDINATES","POINT (13.93208 41.02203)"
2210129607,"4fa7b334-ce0d-4e88-aaae-2e0c138d049e","URN:catalog:CLO:EBIRD:OBS682945266","Animalia","Chordata","Aves","Passeriformes","Acrocephalidae","Acrocephalus","Acrocephalus melanopogon","","SPECIES","Acrocephalus melanopogon (Temminck, 1823)","Acrocephalus melanopogon",NA,"IT","Variconi","Campania","PRESENT",1,"e2e717bf-551a-4917-bdc9-4fa0f342c530",41.02203,13.93208,NA,NA,NA,NA,NA,NA,"2015-04-01T00:00:00",1,4,2015,2493124,2493124,"HUMAN_OBSERVATION","CLO","EBIRD","OBS682945266",NA,"","","CC_BY_4_0","","obsr212715",NA,NA,"2023-06-07 15:22:08","","CONTINENT_DERIVED_FROM_COORDINATES","POINT (13.93208 41.02203)"
