"gbifID","datasetKey","occurrenceID","kingdom","phylum","class","order","family","genus","species","infraspecificEpithet","taxonRank","scientificName","verbatimScientificName","verbatimScientificNameAuthorship","countryCode","locality","stateProvince","occurrenceStatus","individualCount","publishingOrgKey","decimalLatitude","decimalLongitude","coordinateUncertaintyInMeters","coordinatePrecision","elevation","elevationAccuracy","depth","depthAccuracy","eventDate","day","month","year","taxonKey","speciesKey","basisOfRecord","institutionCode","collectionCode","catalogNumber","recordNumber","identifiedBy","dateIdentified","license","rightsHolder","recordedBy","typeStatus","establishmentMeans","lastInterpreted","mediaType","issue","points_wkt"
3678290582,"4fa7b334-ce0d-4e88-aaae-2e0c138d049e","URN:catalog:CLO:EBIRD:OBS1089293642","Animalia","Chordata","Aves","Passeriformes","Acrocephalidae","Acrocephalus","Acrocephalus melanopogon","","SPECIES","Acrocephalus melanopogon (Temminck, 1823)","Acrocephalus melanopogon",NA,"IT","Caprolace--Pantani dell'Inferno","Lazio","PRESENT",2,"e2e717bf-551a-4917-bdc9-4fa0f342c530",41.335,12.9878,NA,NA,NA,NA,NA,NA,"2021-03-07T00:00:00",7,3,2021,2493124,2493124,"HUMAN_OBSERVATION","CLO","EBIRD","OBS1089293642",NA,"","","CC_BY_4_0","","obsr668799",NA,NA,"2023-06-07 15:28:45","","CONTINENT_DERIVED_FROM_COORDINATES","POINT (12.9878 41.335)"
3274154261,"4fa7b334-ce0d-4e88-aaae-2e0c138d049e","URN:catalog:CLO:EBIRD:OBS1027929633","Animalia","Chordata","Aves","Passeriformes","Acrocephalidae","Acrocephalus","Acrocephalus melanopogon","","SPECIES","Acrocephalus melanopogon (Temminck, 1823)","Acrocephalus melanopogon",NA,"IT","Caprolace--Pantani dell'Inferno","Lazio","PRESENT",3,"e2e717bf-551a-4917-bdc9-4fa0f342c530",41.335,12.9878,NA,NA,NA,NA,NA,NA,"2020-12-13T00:00:00",13,12,2020,2493124,2493124,"HUMAN_OBSERVATION","CLO","EBIRD","OBS1027929633",NA,"","","CC_BY_4_0","","obsr668799",NA,NA,"2023-06-07 15:40:05","","CONTINENT_DERIVED_FROM_COORDINATES","POINT (12.9878 41.335)"
3139363253,"4fa7b334-ce0d-4e88-aaae-2e0c138d049e","URN:catalog:CLO:EBIRD:OBS875485455","Animalia","Chordata","Aves","Passeriformes","Acrocephalidae","Acrocephalus","Acrocephalus melanopogon","","SPECIES","Acrocephalus melanopogon (Temminck, 1823)","Acrocephalus melanopogon",NA,"IT","Caprolace--Pantani dell'Inferno","Lazio","PRESENT",1,"e2e717bf-551a-4917-bdc9-4fa0f342c530",41.335,12.9878,NA,NA,NA,NA,NA,NA,"2020-03-08T00:00:00",8,3,2020,2493124,2493124,"HUMAN_OBSERVATION","CLO","EBIRD","OBS875485455",NA,"","","CC_BY_4_0","","obsr668799",NA,NA,"2023-06-07 15:27:14","","CONTINENT_DERIVED_FROM_COORDINATES","POINT (12.9878 41.335)"
3138663546,"4fa7b334-ce0d-4e88-aaae-2e0c138d049e","URN:catalog:CLO:EBIRD:OBS875563114","Animalia","Chordata","Aves","Passeriformes","Acrocephalidae","Acrocephalus","Acrocephalus melanopogon","","SPECIES","Acrocephalus melanopogon (Temminck, 1823)","Acrocephalus melanopogon",NA,"IT","Caprolace--Pantani dell'Inferno","Lazio","PRESENT",1,"e2e717bf-551a-4917-bdc9-4fa0f342c530",41.335,12.9878,NA,NA,NA,NA,NA,NA,"2020-03-08T00:00:00",8,3,2020,2493124,2493124,"HUMAN_OBSERVATION","CLO","EBIRD","OBS875563114",NA,"","","CC_BY_4_0","","obsr819422",NA,NA,"2023-06-07 15:28:00","","CONTINENT_DERIVED_FROM_COORDINATES","POINT (12.9878 41.335)"
1389198302,"4fa7b334-ce0d-4e88-aaae-2e0c138d049e","URN:catalog:CLO:EBIRD:OBS344743913","Animalia","Chordata","Aves","Passeriformes","Acrocephalidae","Acrocephalus","Acrocephalus melanopogon","","SPECIES","Acrocephalus melanopogon (Temminck, 1823)","Acrocephalus melanopogon",NA,"IT","Caprolace--Pantani dell'Inferno","Lazio","PRESENT",3,"e2e717bf-551a-4917-bdc9-4fa0f342c530",41.335,12.9878,NA,NA,NA,NA,NA,NA,"2015-02-08T00:00:00",8,2,2015,2493124,2493124,"HUMAN_OBSERVATION","CLO","EBIRD","OBS344743913",NA,"","","CC_BY_4_0","","obsr536183",NA,NA,"2023-06-07 15:03:44","","CONTINENT_DERIVED_FROM_COORDINATES","POINT (12.9878 41.335)"
