"gbifID","datasetKey","occurrenceID","kingdom","phylum","class","order","family","genus","species","infraspecificEpithet","taxonRank","scientificName","verbatimScientificName","verbatimScientificNameAuthorship","countryCode","locality","stateProvince","occurrenceStatus","individualCount","publishingOrgKey","decimalLatitude","decimalLongitude","coordinateUncertaintyInMeters","coordinatePrecision","elevation","elevationAccuracy","depth","depthAccuracy","eventDate","day","month","year","taxonKey","speciesKey","basisOfRecord","institutionCode","collectionCode","catalogNumber","recordNumber","identifiedBy","dateIdentified","license","rightsHolder","recordedBy","typeStatus","establishmentMeans","lastInterpreted","mediaType","issue","points_wkt"
3593119503,"4fa7b334-ce0d-4e88-aaae-2e0c138d049e","URN:catalog:CLO:EBIRD:OBS1091078041","Animalia","Chordata","Aves","Passeriformes","Acrocephalidae","Acrocephalus","Acrocephalus melanopogon","","SPECIES","Acrocephalus melanopogon (Temminck, 1823)","Acrocephalus melanopogon",NA,"IT","Valli di Argenta--settore Sud (south sector)","Emilia-Romagna","PRESENT",1,"e2e717bf-551a-4917-bdc9-4fa0f342c530",44.5711,11.83676,NA,NA,NA,NA,NA,NA,"2021-03-09T00:00:00",9,3,2021,2493124,2493124,"HUMAN_OBSERVATION","CLO","EBIRD","OBS1091078041",NA,"","","CC_BY_4_0","","obsr608674",NA,NA,"2023-06-07 15:13:07","","CONTINENT_DERIVED_FROM_COORDINATES","POINT (11.83676 44.5711)"
3228443693,"4fa7b334-ce0d-4e88-aaae-2e0c138d049e","URN:catalog:CLO:EBIRD:OBS876090361","Animalia","Chordata","Aves","Passeriformes","Acrocephalidae","Acrocephalus","Acrocephalus melanopogon","","SPECIES","Acrocephalus melanopogon (Temminck, 1823)","Acrocephalus melanopogon",NA,"IT","Valli di Argenta--settore Sud (south sector)","Emilia-Romagna","PRESENT",1,"e2e717bf-551a-4917-bdc9-4fa0f342c530",44.5711,11.83676,NA,NA,NA,NA,NA,NA,"2020-03-09T00:00:00",9,3,2020,2493124,2493124,"HUMAN_OBSERVATION","CLO","EBIRD","OBS876090361",NA,"","","CC_BY_4_0","","obsr608674",NA,NA,"2023-06-07 15:13:26","","CONTINENT_DERIVED_FROM_COORDINATES","POINT (11.83676 44.5711)"
2741091741,"4fa7b334-ce0d-4e88-aaae-2e0c138d049e","URN:catalog:CLO:EBIRD:OBS724519642","Animalia","Chordata","Aves","Passeriformes","Acrocephalidae","Acrocephalus","Acrocephalus melanopogon","","SPECIES","Acrocephalus melanopogon (Temminck, 1823)","Acrocephalus melanopogon",NA,"IT","Valli di Argenta--settore Sud (south sector)","Emilia-Romagna","PRESENT",1,"e2e717bf-551a-4917-bdc9-4fa0f342c530",44.5711,11.83676,NA,NA,NA,NA,NA,NA,"2019-03-15T00:00:00",15,3,2019,2493124,2493124,"HUMAN_OBSERVATION","CLO","EBIRD","OBS724519642",NA,"","","CC_BY_4_0","","obsr608674",NA,NA,"2023-06-07 15:09:00","","CONTINENT_DERIVED_FROM_COORDINATES","POINT (11.83676 44.5711)"
2660024224,"4fa7b334-ce0d-4e88-aaae-2e0c138d049e","URN:catalog:CLO:EBIRD:OBS722510073","Animalia","Chordata","Aves","Passeriformes","Acrocephalidae","Acrocephalus","Acrocephalus melanopogon","","SPECIES","Acrocephalus melanopogon (Temminck, 1823)","Acrocephalus melanopogon",NA,"IT","Valli di Argenta--settore Sud (south sector)","Emilia-Romagna","PRESENT",2,"e2e717bf-551a-4917-bdc9-4fa0f342c530",44.5711,11.83676,NA,NA,NA,NA,NA,NA,"2019-03-10T00:00:00",10,3,2019,2493124,2493124,"HUMAN_OBSERVATION","CLO","EBIRD","OBS722510073",NA,"","","CC_BY_4_0","","obsr608674",NA,NA,"2023-06-07 15:23:12","","CONTINENT_DERIVED_FROM_COORDINATES","POINT (11.83676 44.5711)"
2137087022,"4fa7b334-ce0d-4e88-aaae-2e0c138d049e","URN:catalog:CLO:EBIRD:OBS585675035","Animalia","Chordata","Aves","Passeriformes","Acrocephalidae","Acrocephalus","Acrocephalus melanopogon","","SPECIES","Acrocephalus melanopogon (Temminck, 1823)","Acrocephalus melanopogon",NA,"IT","Valli di Argenta--settore Sud (south sector)","Emilia-Romagna","PRESENT",1,"e2e717bf-551a-4917-bdc9-4fa0f342c530",44.5711,11.83676,NA,NA,NA,NA,NA,NA,"2018-03-08T00:00:00",8,3,2018,2493124,2493124,"HUMAN_OBSERVATION","CLO","EBIRD","OBS585675035",NA,"","","CC_BY_4_0","","obsr608674",NA,NA,"2023-06-07 15:22:52","","CONTINENT_DERIVED_FROM_COORDINATES","POINT (11.83676 44.5711)"
1359796643,"4fa7b334-ce0d-4e88-aaae-2e0c138d049e","URN:catalog:CLO:EBIRD:OBS310159656","Animalia","Chordata","Aves","Passeriformes","Acrocephalidae","Acrocephalus","Acrocephalus melanopogon","","SPECIES","Acrocephalus melanopogon (Temminck, 1823)","Acrocephalus melanopogon",NA,"IT","Valli di Argenta--settore Sud (south sector)","Emilia-Romagna","PRESENT",1,"e2e717bf-551a-4917-bdc9-4fa0f342c530",44.5711,11.83676,NA,NA,NA,NA,NA,NA,"2015-03-06T00:00:00",6,3,2015,2493124,2493124,"HUMAN_OBSERVATION","CLO","EBIRD","OBS310159656",NA,"","","CC_BY_4_0","","obsr608674",NA,NA,"2023-06-07 15:21:04","","CONTINENT_DERIVED_FROM_COORDINATES","POINT (11.83676 44.5711)"
