"gbifID","datasetKey","occurrenceID","kingdom","phylum","class","order","family","genus","species","infraspecificEpithet","taxonRank","scientificName","verbatimScientificName","verbatimScientificNameAuthorship","countryCode","locality","stateProvince","occurrenceStatus","individualCount","publishingOrgKey","decimalLatitude","decimalLongitude","coordinateUncertaintyInMeters","coordinatePrecision","elevation","elevationAccuracy","depth","depthAccuracy","eventDate","day","month","year","taxonKey","speciesKey","basisOfRecord","institutionCode","collectionCode","catalogNumber","recordNumber","identifiedBy","dateIdentified","license","rightsHolder","recordedBy","typeStatus","establishmentMeans","lastInterpreted","mediaType","issue","points_wkt"
3691623661,"4fa7b334-ce0d-4e88-aaae-2e0c138d049e","URN:catalog:CLO:EBIRD:OBS1196074775","Animalia","Chordata","Aves","Passeriformes","Acrocephalidae","Acrocephalus","Acrocephalus scirpaceus","","SPECIES","Acrocephalus scirpaceus (Hermann, 1804)","Acrocephalus scirpaceus","","IT","Riserva Naturale Pian di Spagna e Lago di Mezzola","Lombardia","PRESENT",2,"e2e717bf-551a-4917-bdc9-4fa0f342c530",46.18102,9.42953,NA,NA,NA,NA,NA,NA,"2021-07-03T00:00:00",3,7,2021,2493118,2493118,"HUMAN_OBSERVATION","CLO","EBIRD","OBS1196074775",NA,"","","CC_BY_4_0","","obsr112627",NA,"","2023-06-07 15:15:56","","CONTINENT_DERIVED_FROM_COORDINATES","POINT (9.42953 46.18102)"
3676133017,"4fa7b334-ce0d-4e88-aaae-2e0c138d049e","URN:catalog:CLO:EBIRD:OBS1140386093","Animalia","Chordata","Aves","Passeriformes","Acrocephalidae","Acrocephalus","Acrocephalus scirpaceus","","SPECIES","Acrocephalus scirpaceus (Hermann, 1804)","Acrocephalus scirpaceus","","IT","Riserva Naturale Pian di Spagna e Lago di Mezzola","Lombardia","PRESENT",2,"e2e717bf-551a-4917-bdc9-4fa0f342c530",46.18102,9.42953,NA,NA,NA,NA,NA,NA,"2021-05-02T00:00:00",2,5,2021,2493118,2493118,"HUMAN_OBSERVATION","CLO","EBIRD","OBS1140386093",NA,"","","CC_BY_4_0","","obsr1635194",NA,"","2023-06-07 15:14:22","","CONTINENT_DERIVED_FROM_COORDINATES","POINT (9.42953 46.18102)"
3645544598,"4fa7b334-ce0d-4e88-aaae-2e0c138d049e","URN:catalog:CLO:EBIRD:OBS1263517651","Animalia","Chordata","Aves","Passeriformes","Acrocephalidae","Acrocephalus","Acrocephalus scirpaceus","","SPECIES","Acrocephalus scirpaceus (Hermann, 1804)","Acrocephalus scirpaceus","","IT","Foce del fiume Adda","Lombardia","PRESENT",1,"e2e717bf-551a-4917-bdc9-4fa0f342c530",46.15603,9.38126,NA,NA,NA,NA,NA,NA,"2021-05-15T00:00:00",15,5,2021,2493118,2493118,"HUMAN_OBSERVATION","CLO","EBIRD","OBS1263517651",NA,"","","CC_BY_4_0","","obsr2811114",NA,"","2023-06-07 15:16:46","","CONTINENT_DERIVED_FROM_COORDINATES","POINT (9.38126 46.15603)"
3576645918,"4fa7b334-ce0d-4e88-aaae-2e0c138d049e","URN:catalog:CLO:EBIRD:OBS1196057908","Animalia","Chordata","Aves","Passeriformes","Acrocephalidae","Acrocephalus","Acrocephalus scirpaceus","","SPECIES","Acrocephalus scirpaceus (Hermann, 1804)","Acrocephalus scirpaceus","","IT","Riserva Naturale Pian di Spagna e Lago di Mezzola","Lombardia","PRESENT",1,"e2e717bf-551a-4917-bdc9-4fa0f342c530",46.18102,9.42953,NA,NA,NA,NA,NA,NA,"2021-06-28T00:00:00",28,6,2021,2493118,2493118,"HUMAN_OBSERVATION","CLO","EBIRD","OBS1196057908",NA,"","","CC_BY_4_0","","obsr112627",NA,"","2023-06-07 15:36:50","","CONTINENT_DERIVED_FROM_COORDINATES","POINT (9.42953 46.18102)"
3558634989,"4fa7b334-ce0d-4e88-aaae-2e0c138d049e","URN:catalog:CLO:EBIRD:OBS1263518351","Animalia","Chordata","Aves","Passeriformes","Acrocephalidae","Acrocephalus","Acrocephalus scirpaceus","","SPECIES","Acrocephalus scirpaceus (Hermann, 1804)","Acrocephalus scirpaceus","","IT","Riserva Naturale Pian di Spagna e Lago di Mezzola","Lombardia","PRESENT",2,"e2e717bf-551a-4917-bdc9-4fa0f342c530",46.18102,9.42953,NA,NA,NA,NA,NA,NA,"2021-05-02T00:00:00",2,5,2021,2493118,2493118,"HUMAN_OBSERVATION","CLO","EBIRD","OBS1263518351",NA,"","","CC_BY_4_0","","obsr2811114",NA,"","2023-06-07 15:35:46","","CONTINENT_DERIVED_FROM_COORDINATES","POINT (9.42953 46.18102)"
3531387103,"4fa7b334-ce0d-4e88-aaae-2e0c138d049e","URN:catalog:CLO:EBIRD:OBS1156644950","Animalia","Chordata","Aves","Passeriformes","Acrocephalidae","Acrocephalus","Acrocephalus scirpaceus","","SPECIES","Acrocephalus scirpaceus (Hermann, 1804)","Acrocephalus scirpaceus","","IT","Foce del fiume Adda","Lombardia","PRESENT",1,"e2e717bf-551a-4917-bdc9-4fa0f342c530",46.15603,9.38126,NA,NA,NA,NA,NA,NA,"2021-05-15T00:00:00",15,5,2021,2493118,2493118,"HUMAN_OBSERVATION","CLO","EBIRD","OBS1156644950",NA,"","","CC_BY_4_0","","obsr1635194",NA,"","2023-06-07 15:15:34","","CONTINENT_DERIVED_FROM_COORDINATES","POINT (9.38126 46.15603)"
3384944348,"50c9509d-22c7-4a22-a47d-8c48425ef4a7","https://www.inaturalist.org/observations/95186856","Animalia","Chordata","Aves","Passeriformes","Acrocephalidae","Acrocephalus","Acrocephalus scirpaceus","","SPECIES","Acrocephalus scirpaceus (Hermann, 1804)","Acrocephalus scirpaceus","","IT","","Lombardia","PRESENT",NA,"28eb1a3f-1c15-4a95-931a-4af90ecb574d",46.16146,9.40482,1051,NA,NA,NA,NA,NA,"2021-09-17T09:39:00",17,9,2021,2493118,2493118,"HUMAN_OBSERVATION","iNaturalist","Observations","95186856",NA,"Roberto Brembilla","2021-09-17T20:30:52","CC_BY_NC_4_0","Roberto Brembilla","Roberto Brembilla",NA,"","2023-06-14 09:49:27","StillImage","COORDINATE_ROUNDED;CONTINENT_DERIVED_FROM_COORDINATES","POINT (9.40482 46.16146)"
2688860064,"4fa7b334-ce0d-4e88-aaae-2e0c138d049e","URN:catalog:CLO:EBIRD:OBS786252336","Animalia","Chordata","Aves","Passeriformes","Acrocephalidae","Acrocephalus","Acrocephalus scirpaceus","","SPECIES","Acrocephalus scirpaceus (Hermann, 1804)","Acrocephalus scirpaceus","","IT","Riserva Naturale Pian di Spagna e Lago di Mezzola","Lombardia","PRESENT",1,"e2e717bf-551a-4917-bdc9-4fa0f342c530",46.18102,9.42953,NA,NA,NA,NA,NA,NA,"2019-07-18T00:00:00",18,7,2019,2493118,2493118,"HUMAN_OBSERVATION","CLO","EBIRD","OBS786252336",NA,"","","CC_BY_4_0","","obsr143637",NA,"","2023-06-07 15:10:09","","CONTINENT_DERIVED_FROM_COORDINATES","POINT (9.42953 46.18102)"
2252041406,"50c9509d-22c7-4a22-a47d-8c48425ef4a7","https://www.inaturalist.org/observations/26351534","Animalia","Chordata","Aves","Passeriformes","Acrocephalidae","Acrocephalus","Acrocephalus scirpaceus","","SPECIES","Acrocephalus scirpaceus (Hermann, 1804)","Acrocephalus scirpaceus","","IT","","Lombardia","PRESENT",NA,"28eb1a3f-1c15-4a95-931a-4af90ecb574d",46.1656,9.42127,507,NA,NA,NA,NA,NA,"2019-06-03T10:29:00",3,6,2019,2493118,2493118,"HUMAN_OBSERVATION","iNaturalist","Observations","26351534",NA,"Roberto Brembilla","2019-06-03T21:51:06","CC_BY_NC_4_0","Roberto Brembilla","Roberto Brembilla",NA,"","2023-06-14 09:57:03","StillImage","COORDINATE_ROUNDED;CONTINENT_DERIVED_FROM_COORDINATES","POINT (9.42127 46.1656)"
2251997537,"50c9509d-22c7-4a22-a47d-8c48425ef4a7","https://www.inaturalist.org/observations/26162263","Animalia","Chordata","Aves","Passeriformes","Acrocephalidae","Acrocephalus","Acrocephalus scirpaceus","","SPECIES","Acrocephalus scirpaceus (Hermann, 1804)","Acrocephalus scirpaceus","","IT","","Lombardia","PRESENT",NA,"28eb1a3f-1c15-4a95-931a-4af90ecb574d",46.20107,9.44933,3400,NA,NA,NA,NA,NA,"2019-06-01T09:39:36",1,6,2019,2493118,2493118,"HUMAN_OBSERVATION","iNaturalist","Observations","26162263",NA,"parco_orobie_valtellinesi","2019-06-01T07:40:07","CC_BY_NC_4_0","parco_orobie_valtellinesi","parco_orobie_valtellinesi",NA,"","2023-06-14 09:57:57","StillImage","COORDINATE_ROUNDED;CONTINENT_DERIVED_FROM_COORDINATES","POINT (9.44933 46.20107)"
2191528774,"4fa7b334-ce0d-4e88-aaae-2e0c138d049e","URN:catalog:CLO:EBIRD:OBS645371155","Animalia","Chordata","Aves","Passeriformes","Acrocephalidae","Acrocephalus","Acrocephalus scirpaceus","","SPECIES","Acrocephalus scirpaceus (Hermann, 1804)","Acrocephalus scirpaceus","","IT","Riserva Naturale Pian di Spagna e Lago di Mezzola","Lombardia","PRESENT",3,"e2e717bf-551a-4917-bdc9-4fa0f342c530",46.18102,9.42953,NA,NA,NA,NA,NA,NA,"2018-08-03T00:00:00",3,8,2018,2493118,2493118,"HUMAN_OBSERVATION","CLO","EBIRD","OBS645371155",NA,"","","CC_BY_4_0","","obsr230614",NA,"","2023-06-07 15:08:14","","CONTINENT_DERIVED_FROM_COORDINATES","POINT (9.42953 46.18102)"
2183436229,"4fa7b334-ce0d-4e88-aaae-2e0c138d049e","URN:catalog:CLO:EBIRD:OBS628716823","Animalia","Chordata","Aves","Passeriformes","Acrocephalidae","Acrocephalus","Acrocephalus scirpaceus","","SPECIES","Acrocephalus scirpaceus (Hermann, 1804)","Acrocephalus scirpaceus","","IT","Riserva Naturale Pian di Spagna e Lago di Mezzola","Lombardia","PRESENT",11,"e2e717bf-551a-4917-bdc9-4fa0f342c530",46.18102,9.42953,NA,NA,NA,NA,NA,NA,"2018-06-07T00:00:00",7,6,2018,2493118,2493118,"HUMAN_OBSERVATION","CLO","EBIRD","OBS628716823",NA,"","","CC_BY_4_0","","obsr60228",NA,"","2023-06-07 15:09:11","","CONTINENT_DERIVED_FROM_COORDINATES","POINT (9.42953 46.18102)"
2066969208,"4fa7b334-ce0d-4e88-aaae-2e0c138d049e","URN:catalog:CLO:EBIRD:OBS501100222","Animalia","Chordata","Aves","Passeriformes","Acrocephalidae","Acrocephalus","Acrocephalus scirpaceus","","SPECIES","Acrocephalus scirpaceus (Hermann, 1804)","Acrocephalus scirpaceus","","IT","Novate Mezzola--Via al Lido","Lombardia","PRESENT",1,"e2e717bf-551a-4917-bdc9-4fa0f342c530",46.21189,9.44661,NA,NA,NA,NA,NA,NA,"2017-05-17T00:00:00",17,5,2017,2493118,2493118,"HUMAN_OBSERVATION","CLO","EBIRD","OBS501100222",NA,"","","CC_BY_4_0","","obsr904219",NA,"","2023-06-07 15:23:29","","CONTINENT_DERIVED_FROM_COORDINATES","POINT (9.44661 46.21189)"
2066592117,"4fa7b334-ce0d-4e88-aaae-2e0c138d049e","URN:catalog:CLO:EBIRD:OBS500961978","Animalia","Chordata","Aves","Passeriformes","Acrocephalidae","Acrocephalus","Acrocephalus scirpaceus","","SPECIES","Acrocephalus scirpaceus (Hermann, 1804)","Acrocephalus scirpaceus","","IT","Sorico--Via Dascio","Lombardia","PRESENT",1,"e2e717bf-551a-4917-bdc9-4fa0f342c530",46.18828,9.41997,NA,NA,NA,NA,NA,NA,"2017-05-17T00:00:00",17,5,2017,2493118,2493118,"HUMAN_OBSERVATION","CLO","EBIRD","OBS500961978",NA,"","","CC_BY_4_0","","obsr904219",NA,"","2023-06-07 15:06:00","","CONTINENT_DERIVED_FROM_COORDINATES","POINT (9.41997 46.18828)"
