"gbifID","datasetKey","occurrenceID","kingdom","phylum","class","order","family","genus","species","infraspecificEpithet","taxonRank","scientificName","verbatimScientificName","verbatimScientificNameAuthorship","countryCode","locality","stateProvince","occurrenceStatus","individualCount","publishingOrgKey","decimalLatitude","decimalLongitude","coordinateUncertaintyInMeters","coordinatePrecision","elevation","elevationAccuracy","depth","depthAccuracy","eventDate","day","month","year","taxonKey","speciesKey","basisOfRecord","institutionCode","collectionCode","catalogNumber","recordNumber","identifiedBy","dateIdentified","license","rightsHolder","recordedBy","typeStatus","establishmentMeans","lastInterpreted","mediaType","issue","points_wkt"
3667039711,"4fa7b334-ce0d-4e88-aaae-2e0c138d049e","URN:catalog:CLO:EBIRD:OBS1245203348","Animalia","Chordata","Aves","Passeriformes","Acrocephalidae","Acrocephalus","Acrocephalus scirpaceus","","SPECIES","Acrocephalus scirpaceus (Hermann, 1804)","Acrocephalus scirpaceus","","IT","Pantani di Cicerchia","Lazio","PRESENT",2,"e2e717bf-551a-4917-bdc9-4fa0f342c530",41.41136,12.90252,NA,NA,NA,NA,NA,NA,"2021-09-22T00:00:00",22,9,2021,2493118,2493118,"HUMAN_OBSERVATION","CLO","EBIRD","OBS1245203348",NA,"","","CC_BY_4_0","","obsr1610518",NA,"","2023-06-07 15:15:21","","CONTINENT_DERIVED_FROM_COORDINATES","POINT (12.90252 41.41136)"
3632813325,"4fa7b334-ce0d-4e88-aaae-2e0c138d049e","URN:catalog:CLO:EBIRD:OBS1145991541","Animalia","Chordata","Aves","Passeriformes","Acrocephalidae","Acrocephalus","Acrocephalus scirpaceus","","SPECIES","Acrocephalus scirpaceus (Hermann, 1804)","Acrocephalus scirpaceus","","IT","Lago di Fogliano","Lazio","PRESENT",2,"e2e717bf-551a-4917-bdc9-4fa0f342c530",41.40134,12.89731,NA,NA,NA,NA,NA,NA,"2021-05-08T00:00:00",8,5,2021,2493118,2493118,"HUMAN_OBSERVATION","CLO","EBIRD","OBS1145991541",NA,"","","CC_BY_4_0","","obsr668799",NA,"","2023-06-07 15:16:04","","COORDINATE_ROUNDED;CONTINENT_DERIVED_FROM_COORDINATES","POINT (12.89731 41.40134)"
3610280770,"4fa7b334-ce0d-4e88-aaae-2e0c138d049e","URN:catalog:CLO:EBIRD:OBS1146150363","Animalia","Chordata","Aves","Passeriformes","Acrocephalidae","Acrocephalus","Acrocephalus scirpaceus","","SPECIES","Acrocephalus scirpaceus (Hermann, 1804)","Acrocephalus scirpaceus","","IT","Lago di Fogliano","Lazio","PRESENT",2,"e2e717bf-551a-4917-bdc9-4fa0f342c530",41.40134,12.89731,NA,NA,NA,NA,NA,NA,"2021-05-08T00:00:00",8,5,2021,2493118,2493118,"HUMAN_OBSERVATION","CLO","EBIRD","OBS1146150363",NA,"","","CC_BY_4_0","","obsr819422",NA,"","2023-06-07 15:29:03","","COORDINATE_ROUNDED;CONTINENT_DERIVED_FROM_COORDINATES","POINT (12.89731 41.40134)"
2091128714,"4fa7b334-ce0d-4e88-aaae-2e0c138d049e","URN:catalog:CLO:EBIRD:OBS531294948","Animalia","Chordata","Aves","Passeriformes","Acrocephalidae","Acrocephalus","Acrocephalus scirpaceus","","SPECIES","Acrocephalus scirpaceus (Hermann, 1804)","Acrocephalus scirpaceus","","IT","Pantani di Cicerchia","Lazio","PRESENT",4,"e2e717bf-551a-4917-bdc9-4fa0f342c530",41.41136,12.90252,NA,NA,NA,NA,NA,NA,"2017-09-09T00:00:00",9,9,2017,2493118,2493118,"HUMAN_OBSERVATION","CLO","EBIRD","OBS531294948",NA,"","","CC_BY_4_0","","obsr536183",NA,"","2023-06-07 15:06:33","","CONTINENT_DERIVED_FROM_COORDINATES","POINT (12.90252 41.41136)"
1762030918,"4fa7b334-ce0d-4e88-aaae-2e0c138d049e","URN:catalog:CLO:EBIRD:OBS430559632","Animalia","Chordata","Aves","Passeriformes","Acrocephalidae","Acrocephalus","Acrocephalus scirpaceus","","SPECIES","Acrocephalus scirpaceus (Hermann, 1804)","Acrocephalus scirpaceus","","IT","Pantani di Cicerchia","Lazio","PRESENT",1,"e2e717bf-551a-4917-bdc9-4fa0f342c530",41.41136,12.90252,NA,NA,NA,NA,NA,NA,"2016-09-17T00:00:00",17,9,2016,2493118,2493118,"HUMAN_OBSERVATION","CLO","EBIRD","OBS430559632",NA,"","","CC_BY_4_0","","obsr536183",NA,"","2023-06-07 15:04:53","","CONTINENT_DERIVED_FROM_COORDINATES","POINT (12.90252 41.41136)"
1760763239,"4fa7b334-ce0d-4e88-aaae-2e0c138d049e","URN:catalog:CLO:EBIRD:OBS429348950","Animalia","Chordata","Aves","Passeriformes","Acrocephalidae","Acrocephalus","Acrocephalus scirpaceus","","SPECIES","Acrocephalus scirpaceus (Hermann, 1804)","Acrocephalus scirpaceus","","IT","Pantani di Cicerchia","Lazio","PRESENT",3,"e2e717bf-551a-4917-bdc9-4fa0f342c530",41.41136,12.90252,NA,NA,NA,NA,NA,NA,"2016-09-12T00:00:00",12,9,2016,2493118,2493118,"HUMAN_OBSERVATION","CLO","EBIRD","OBS429348950",NA,"","","CC_BY_4_0","","obsr536183",NA,"","2023-06-07 15:22:39","","CONTINENT_DERIVED_FROM_COORDINATES","POINT (12.90252 41.41136)"
1392763713,"4fa7b334-ce0d-4e88-aaae-2e0c138d049e","URN:catalog:CLO:EBIRD:OBS348512771","Animalia","Chordata","Aves","Passeriformes","Acrocephalidae","Acrocephalus","Acrocephalus scirpaceus","","SPECIES","Acrocephalus scirpaceus (Hermann, 1804)","Acrocephalus scirpaceus","","IT","Lago di Fogliano","Lazio","PRESENT",2,"e2e717bf-551a-4917-bdc9-4fa0f342c530",41.40134,12.89731,NA,NA,NA,NA,NA,NA,"2015-05-17T00:00:00",17,5,2015,2493118,2493118,"HUMAN_OBSERVATION","CLO","EBIRD","OBS348512771",NA,"","","CC_BY_4_0","","obsr536183",NA,"","2023-06-07 15:04:26","","COORDINATE_ROUNDED;CONTINENT_DERIVED_FROM_COORDINATES","POINT (12.89731 41.40134)"
1388528591,"4fa7b334-ce0d-4e88-aaae-2e0c138d049e","URN:catalog:CLO:EBIRD:OBS343949943","Animalia","Chordata","Aves","Passeriformes","Acrocephalidae","Acrocephalus","Acrocephalus scirpaceus","","SPECIES","Acrocephalus scirpaceus (Hermann, 1804)","Acrocephalus scirpaceus","","IT","Lago di Fogliano","Lazio","PRESENT",4,"e2e717bf-551a-4917-bdc9-4fa0f342c530",41.40134,12.89731,NA,NA,NA,NA,NA,NA,"2015-09-12T00:00:00",12,9,2015,2493118,2493118,"HUMAN_OBSERVATION","CLO","EBIRD","OBS343949943",NA,"","","CC_BY_4_0","","obsr536183",NA,"","2023-06-07 15:03:49","","COORDINATE_ROUNDED;CONTINENT_DERIVED_FROM_COORDINATES","POINT (12.89731 41.40134)"
1269556482,"50c9509d-22c7-4a22-a47d-8c48425ef4a7","http://www.inaturalist.org/observations/3165952","Animalia","Chordata","Aves","Passeriformes","Acrocephalidae","Acrocephalus","Acrocephalus scirpaceus","","SPECIES","Acrocephalus scirpaceus (Hermann, 1804)","Acrocephalus scirpaceus","","IT","","Lazio","PRESENT",NA,"28eb1a3f-1c15-4a95-931a-4af90ecb574d",41.41277,12.89869,49,NA,NA,NA,NA,NA,"2016-05-13T00:00:00",13,5,2016,2493118,2493118,"HUMAN_OBSERVATION","iNaturalist","Observations","3165952",NA,"Jakob Fahr","2016-05-13T19:51:41","CC_BY_NC_4_0","Dino Biancolini","Dino Biancolini",NA,"","2023-06-14 09:40:32","Sound","CONTINENT_DERIVED_FROM_COORDINATES","POINT (12.89869 41.41277)"
1187352126,"4fa7b334-ce0d-4e88-aaae-2e0c138d049e","URN:catalog:CLO:EBIRD:OBS271497162","Animalia","Chordata","Aves","Passeriformes","Acrocephalidae","Acrocephalus","Acrocephalus scirpaceus","","SPECIES","Acrocephalus scirpaceus (Hermann, 1804)","Acrocephalus scirpaceus","","IT","Pantani di Cicerchia","Lazio","PRESENT",1,"e2e717bf-551a-4917-bdc9-4fa0f342c530",41.41136,12.90252,NA,NA,NA,NA,NA,NA,"2014-09-06T00:00:00",6,9,2014,2493118,2493118,"HUMAN_OBSERVATION","CLO","EBIRD","OBS271497162",NA,"","","CC_BY_4_0","","obsr535437",NA,"","2023-06-07 15:08:14","","CONTINENT_DERIVED_FROM_COORDINATES","POINT (12.90252 41.41136)"
1186980117,"4fa7b334-ce0d-4e88-aaae-2e0c138d049e","URN:catalog:CLO:EBIRD:OBS271111505","Animalia","Chordata","Aves","Passeriformes","Acrocephalidae","Acrocephalus","Acrocephalus scirpaceus","","SPECIES","Acrocephalus scirpaceus (Hermann, 1804)","Acrocephalus scirpaceus","","IT","Pantani di Cicerchia","Lazio","PRESENT",1,"e2e717bf-551a-4917-bdc9-4fa0f342c530",41.41136,12.90252,NA,NA,NA,NA,NA,NA,"2014-09-06T00:00:00",6,9,2014,2493118,2493118,"HUMAN_OBSERVATION","CLO","EBIRD","OBS271111505",NA,"","","CC_BY_4_0","","obsr536183",NA,"","2023-06-07 15:18:07","","CONTINENT_DERIVED_FROM_COORDINATES","POINT (12.90252 41.41136)"
