"gbifID","datasetKey","occurrenceID","kingdom","phylum","class","order","family","genus","species","infraspecificEpithet","taxonRank","scientificName","verbatimScientificName","verbatimScientificNameAuthorship","countryCode","locality","stateProvince","occurrenceStatus","individualCount","publishingOrgKey","decimalLatitude","decimalLongitude","coordinateUncertaintyInMeters","coordinatePrecision","elevation","elevationAccuracy","depth","depthAccuracy","eventDate","day","month","year","taxonKey","speciesKey","basisOfRecord","institutionCode","collectionCode","catalogNumber","recordNumber","identifiedBy","dateIdentified","license","rightsHolder","recordedBy","typeStatus","establishmentMeans","lastInterpreted","mediaType","issue","points_wkt"
3685271247,"4fa7b334-ce0d-4e88-aaae-2e0c138d049e","URN:catalog:CLO:EBIRD:OBS1179704709","Animalia","Chordata","Aves","Passeriformes","Acrocephalidae","Acrocephalus","Acrocephalus scirpaceus","","SPECIES","Acrocephalus scirpaceus (Hermann, 1804)","Acrocephalus scirpaceus","","IT","Diaccia Botrona--Padule Aperto","Toscana","PRESENT",1,"e2e717bf-551a-4917-bdc9-4fa0f342c530",42.78355,10.94244,NA,NA,NA,NA,NA,NA,"2021-06-01T00:00:00",1,6,2021,2493118,2493118,"HUMAN_OBSERVATION","CLO","EBIRD","OBS1179704709",NA,"","","CC_BY_4_0","","obsr1015512",NA,"","2023-06-07 15:31:39","","CONTINENT_DERIVED_FROM_COORDINATES","POINT (10.94244 42.78355)"
3177096645,"4fa7b334-ce0d-4e88-aaae-2e0c138d049e","URN:catalog:CLO:EBIRD:OBS962096703","Animalia","Chordata","Aves","Passeriformes","Acrocephalidae","Acrocephalus","Acrocephalus scirpaceus","","SPECIES","Acrocephalus scirpaceus (Hermann, 1804)","Acrocephalus scirpaceus","","IT","Diaccia Botrona--Padule Aperto","Toscana","PRESENT",2,"e2e717bf-551a-4917-bdc9-4fa0f342c530",42.78355,10.94244,NA,NA,NA,NA,NA,NA,"2020-07-30T00:00:00",30,7,2020,2493118,2493118,"HUMAN_OBSERVATION","CLO","EBIRD","OBS962096703",NA,"","","CC_BY_4_0","","obsr866130",NA,"","2023-06-07 15:12:22","","CONTINENT_DERIVED_FROM_COORDINATES","POINT (10.94244 42.78355)"
3171748657,"4fa7b334-ce0d-4e88-aaae-2e0c138d049e","URN:catalog:CLO:EBIRD:OBS960600106","Animalia","Chordata","Aves","Passeriformes","Acrocephalidae","Acrocephalus","Acrocephalus scirpaceus","","SPECIES","Acrocephalus scirpaceus (Hermann, 1804)","Acrocephalus scirpaceus","","IT","Diaccia Botrona--Padule Aperto","Toscana","PRESENT",1,"e2e717bf-551a-4917-bdc9-4fa0f342c530",42.78355,10.94244,NA,NA,NA,NA,NA,NA,"2020-07-26T00:00:00",26,7,2020,2493118,2493118,"HUMAN_OBSERVATION","CLO","EBIRD","OBS960600106",NA,"","","CC_BY_4_0","","obsr866130",NA,"","2023-06-07 15:11:38","","CONTINENT_DERIVED_FROM_COORDINATES","POINT (10.94244 42.78355)"
2792446804,"4fa7b334-ce0d-4e88-aaae-2e0c138d049e","URN:catalog:CLO:EBIRD:OBS764129828","Animalia","Chordata","Aves","Passeriformes","Acrocephalidae","Acrocephalus","Acrocephalus scirpaceus","","SPECIES","Acrocephalus scirpaceus (Hermann, 1804)","Acrocephalus scirpaceus","","IT","Riserva Naturale Diaccia Botrona, Castiglione della Pescaia IT-Tuscany (42.7683,10.9039)","Toscana","PRESENT",3,"e2e717bf-551a-4917-bdc9-4fa0f342c530",42.76828,10.90391,NA,NA,NA,NA,NA,NA,"2019-05-22T00:00:00",22,5,2019,2493118,2493118,"HUMAN_OBSERVATION","CLO","EBIRD","OBS764129828",NA,"","","CC_BY_4_0","","obsr965487",NA,"","2023-06-07 15:10:28","","CONTINENT_DERIVED_FROM_COORDINATES","POINT (10.90391 42.76828)"
2784867989,"4fa7b334-ce0d-4e88-aaae-2e0c138d049e","URN:catalog:CLO:EBIRD:OBS807511869","Animalia","Chordata","Aves","Passeriformes","Acrocephalidae","Acrocephalus","Acrocephalus scirpaceus","","SPECIES","Acrocephalus scirpaceus (Hermann, 1804)","Acrocephalus scirpaceus","","IT","Diaccia Botrona","Toscana","PRESENT",1,"e2e717bf-551a-4917-bdc9-4fa0f342c530",42.76477,10.92372,NA,NA,NA,NA,NA,NA,"2016-05-20T00:00:00",20,5,2016,2493118,2493118,"HUMAN_OBSERVATION","CLO","EBIRD","OBS807511869",NA,"","","CC_BY_4_0","","obsr194291",NA,"","2023-06-07 15:09:54","","COORDINATE_ROUNDED;CONTINENT_DERIVED_FROM_COORDINATES","POINT (10.92372 42.76477)"
2609691074,"b1047888-ae52-4179-9dd5-5448ea342a24","https://data.biodiversitydata.nl/xeno-canto/observation/XC534265","Animalia","Chordata","Aves","Passeriformes","Acrocephalidae","Acrocephalus","Acrocephalus scirpaceus","","SPECIES","Acrocephalus scirpaceus (Hermann, 1804)","Acrocephalus scirpaceus","","IT","Grosseto, Provincia di Grosseto, Toscana","","PRESENT",NA,"1f00d75c-f6fc-4224-a595-975e82d7689c",42.768,10.9201,NA,NA,NA,NA,NA,NA,"2015-05-20T00:00:00",20,5,2015,2493118,2493118,"HUMAN_OBSERVATION","","Wildlife sounds - Birds","XC534265",NA,"","","CC_BY_NC_4_0","Marco Dragonetti","Marco Dragonetti",NA,"","2023-06-07 21:04:33","Sound;StillImage","CONTINENT_DERIVED_FROM_COORDINATES","POINT (10.9201 42.768)"
1737757144,"4fa7b334-ce0d-4e88-aaae-2e0c138d049e","URN:catalog:CLO:EBIRD:OBS403211632","Animalia","Chordata","Aves","Passeriformes","Acrocephalidae","Acrocephalus","Acrocephalus scirpaceus","","SPECIES","Acrocephalus scirpaceus (Hermann, 1804)","Acrocephalus scirpaceus","","IT","Diaccia Botrona","Toscana","PRESENT",3,"e2e717bf-551a-4917-bdc9-4fa0f342c530",42.76477,10.92372,NA,NA,NA,NA,NA,NA,"2016-05-15T00:00:00",15,5,2016,2493118,2493118,"HUMAN_OBSERVATION","CLO","EBIRD","OBS403211632",NA,"","","CC_BY_4_0","","obsr726568",NA,"","2023-06-07 15:04:48","","COORDINATE_ROUNDED;CONTINENT_DERIVED_FROM_COORDINATES","POINT (10.92372 42.76477)"
