"gbifID","datasetKey","occurrenceID","kingdom","phylum","class","order","family","genus","species","infraspecificEpithet","taxonRank","scientificName","verbatimScientificName","verbatimScientificNameAuthorship","countryCode","locality","stateProvince","occurrenceStatus","individualCount","publishingOrgKey","decimalLatitude","decimalLongitude","coordinateUncertaintyInMeters","coordinatePrecision","elevation","elevationAccuracy","depth","depthAccuracy","eventDate","day","month","year","taxonKey","speciesKey","basisOfRecord","institutionCode","collectionCode","catalogNumber","recordNumber","identifiedBy","dateIdentified","license","rightsHolder","recordedBy","typeStatus","establishmentMeans","lastInterpreted","mediaType","issue","points_wkt"
3760088968,"50c9509d-22c7-4a22-a47d-8c48425ef4a7","https://www.inaturalist.org/observations/111395319","Animalia","Chordata","Aves","Passeriformes","Acrocephalidae","Acrocephalus","Acrocephalus scirpaceus","","SPECIES","Acrocephalus scirpaceus (Hermann, 1804)","Acrocephalus scirpaceus","","IT","","Sicily","PRESENT",NA,"28eb1a3f-1c15-4a95-931a-4af90ecb574d",36.80314,15.09314,NA,NA,NA,NA,NA,NA,"2019-04-30T11:11:00",30,4,2019,2493118,2493118,"HUMAN_OBSERVATION","iNaturalist","Observations","111395319",NA,"Luca Boscain","2022-04-14T09:31:27","CC_BY_NC_4_0","Luca Boscain","Luca Boscain",NA,"","2023-06-14 09:51:17","StillImage","COORDINATE_ROUNDED;CONTINENT_DERIVED_FROM_COORDINATES","POINT (15.09314 36.80314)"
2790803874,"4fa7b334-ce0d-4e88-aaae-2e0c138d049e","URN:catalog:CLO:EBIRD:OBS864705167","Animalia","Chordata","Aves","Passeriformes","Acrocephalidae","Acrocephalus","Acrocephalus scirpaceus","","SPECIES","Acrocephalus scirpaceus (Hermann, 1804)","Acrocephalus scirpaceus","","IT","Oasi di Vendicari, Riserva Naturale","Sicilia","PRESENT",1,"e2e717bf-551a-4917-bdc9-4fa0f342c530",36.80421,15.09333,NA,NA,NA,NA,NA,NA,"2014-05-03T00:00:00",3,5,2014,2493118,2493118,"HUMAN_OBSERVATION","CLO","EBIRD","OBS864705167",NA,"","","CC_BY_4_0","","obsr416326",NA,"","2023-06-07 15:26:31","","CONTINENT_DERIVED_FROM_COORDINATES","POINT (15.09333 36.80421)"
2760346649,"4fa7b334-ce0d-4e88-aaae-2e0c138d049e","URN:catalog:CLO:EBIRD:OBS740915122","Animalia","Chordata","Aves","Passeriformes","Acrocephalidae","Acrocephalus","Acrocephalus scirpaceus","","SPECIES","Acrocephalus scirpaceus (Hermann, 1804)","Acrocephalus scirpaceus","","IT","Oasi di Vendicari, Riserva Naturale","Sicilia","PRESENT",10,"e2e717bf-551a-4917-bdc9-4fa0f342c530",36.80421,15.09333,NA,NA,NA,NA,NA,NA,"2017-05-01T00:00:00",1,5,2017,2493118,2493118,"HUMAN_OBSERVATION","CLO","EBIRD","OBS740915122",NA,"","","CC_BY_4_0","","obsr1240819",NA,"","2023-06-07 15:08:33","","CONTINENT_DERIVED_FROM_COORDINATES","POINT (15.09333 36.80421)"
2759734128,"4fa7b334-ce0d-4e88-aaae-2e0c138d049e","URN:catalog:CLO:EBIRD:OBS738472228","Animalia","Chordata","Aves","Passeriformes","Acrocephalidae","Acrocephalus","Acrocephalus scirpaceus","","SPECIES","Acrocephalus scirpaceus (Hermann, 1804)","Acrocephalus scirpaceus","","IT","Oasi di Vendicari, Riserva Naturale","Sicilia","PRESENT",1,"e2e717bf-551a-4917-bdc9-4fa0f342c530",36.80421,15.09333,NA,NA,NA,NA,NA,NA,"2019-04-14T00:00:00",14,4,2019,2493118,2493118,"HUMAN_OBSERVATION","CLO","EBIRD","OBS738472228",NA,"","","CC_BY_4_0","","obsr931837",NA,"","2023-06-07 15:24:55","","CONTINENT_DERIVED_FROM_COORDINATES","POINT (15.09333 36.80421)"
2745976424,"4fa7b334-ce0d-4e88-aaae-2e0c138d049e","URN:catalog:CLO:EBIRD:OBS747883617","Animalia","Chordata","Aves","Passeriformes","Acrocephalidae","Acrocephalus","Acrocephalus scirpaceus","","SPECIES","Acrocephalus scirpaceus (Hermann, 1804)","Acrocephalus scirpaceus","","IT","Oasi di Vendicari, Riserva Naturale","Sicilia","PRESENT",1,"e2e717bf-551a-4917-bdc9-4fa0f342c530",36.80421,15.09333,NA,NA,NA,NA,NA,NA,"2019-04-21T00:00:00",21,4,2019,2493118,2493118,"HUMAN_OBSERVATION","CLO","EBIRD","OBS747883617",NA,"","","CC_BY_4_0","","obsr516650",NA,"","2023-06-07 15:24:18","","CONTINENT_DERIVED_FROM_COORDINATES","POINT (15.09333 36.80421)"
2729797377,"4fa7b334-ce0d-4e88-aaae-2e0c138d049e","URN:catalog:CLO:EBIRD:OBS718436188","Animalia","Chordata","Aves","Passeriformes","Acrocephalidae","Acrocephalus","Acrocephalus scirpaceus","","SPECIES","Acrocephalus scirpaceus (Hermann, 1804)","Acrocephalus scirpaceus","","IT","36.79498,15.090731","Sicilia","PRESENT",4,"e2e717bf-551a-4917-bdc9-4fa0f342c530",36.79498,15.09073,NA,NA,NA,NA,NA,NA,"2015-04-18T00:00:00",18,4,2015,2493118,2493118,"HUMAN_OBSERVATION","CLO","EBIRD","OBS718436188",NA,"","","CC_BY_4_0","","obsr1198275",NA,"","2023-06-07 15:25:31","","CONTINENT_DERIVED_FROM_COORDINATES","POINT (15.09073 36.79498)"
2717962362,"4fa7b334-ce0d-4e88-aaae-2e0c138d049e","URN:catalog:CLO:EBIRD:OBS895291116","Animalia","Chordata","Aves","Passeriformes","Acrocephalidae","Acrocephalus","Acrocephalus scirpaceus","","SPECIES","Acrocephalus scirpaceus (Hermann, 1804)","Acrocephalus scirpaceus","","IT","Oasi di Vendicari, Riserva Naturale","Sicilia","PRESENT",1,"e2e717bf-551a-4917-bdc9-4fa0f342c530",36.80421,15.09333,NA,NA,NA,NA,NA,NA,"2014-04-30T00:00:00",30,4,2014,2493118,2493118,"HUMAN_OBSERVATION","CLO","EBIRD","OBS895291116",NA,"","","CC_BY_4_0","","obsr954291",NA,"","2023-06-07 15:12:45","","CONTINENT_DERIVED_FROM_COORDINATES","POINT (15.09333 36.80421)"
2673792109,"4fa7b334-ce0d-4e88-aaae-2e0c138d049e","URN:catalog:CLO:EBIRD:OBS718442614","Animalia","Chordata","Aves","Passeriformes","Acrocephalidae","Acrocephalus","Acrocephalus scirpaceus","","SPECIES","Acrocephalus scirpaceus (Hermann, 1804)","Acrocephalus scirpaceus","","IT","36.793172,15.091095","Sicilia","PRESENT",1,"e2e717bf-551a-4917-bdc9-4fa0f342c530",36.79317,15.09109,NA,NA,NA,NA,NA,NA,"2015-04-18T00:00:00",18,4,2015,2493118,2493118,"HUMAN_OBSERVATION","CLO","EBIRD","OBS718442614",NA,"","","CC_BY_4_0","","obsr1198275",NA,"","2023-06-07 15:10:23","","CONTINENT_DERIVED_FROM_COORDINATES","POINT (15.09109 36.79317)"
2670450146,"4fa7b334-ce0d-4e88-aaae-2e0c138d049e","URN:catalog:CLO:EBIRD:OBS751528094","Animalia","Chordata","Aves","Passeriformes","Acrocephalidae","Acrocephalus","Acrocephalus scirpaceus","","SPECIES","Acrocephalus scirpaceus (Hermann, 1804)","Acrocephalus scirpaceus","","IT","Oasi di Vendicari, Riserva Naturale","Sicilia","PRESENT",3,"e2e717bf-551a-4917-bdc9-4fa0f342c530",36.80421,15.09333,NA,NA,NA,NA,NA,NA,"2019-05-05T00:00:00",5,5,2019,2493118,2493118,"HUMAN_OBSERVATION","CLO","EBIRD","OBS751528094",NA,"","","CC_BY_4_0","","obsr418726",NA,"","2023-06-07 15:25:14","","CONTINENT_DERIVED_FROM_COORDINATES","POINT (15.09333 36.80421)"
2667363758,"4fa7b334-ce0d-4e88-aaae-2e0c138d049e","URN:catalog:CLO:EBIRD:OBS740916552","Animalia","Chordata","Aves","Passeriformes","Acrocephalidae","Acrocephalus","Acrocephalus scirpaceus","","SPECIES","Acrocephalus scirpaceus (Hermann, 1804)","Acrocephalus scirpaceus","","IT","Oasi di Vendicari, Riserva Naturale","Sicilia","PRESENT",10,"e2e717bf-551a-4917-bdc9-4fa0f342c530",36.80421,15.09333,NA,NA,NA,NA,NA,NA,"2017-04-30T00:00:00",30,4,2017,2493118,2493118,"HUMAN_OBSERVATION","CLO","EBIRD","OBS740916552",NA,"","","CC_BY_4_0","","obsr1240819",NA,"","2023-06-07 15:09:59","","CONTINENT_DERIVED_FROM_COORDINATES","POINT (15.09333 36.80421)"
2666383016,"4fa7b334-ce0d-4e88-aaae-2e0c138d049e","URN:catalog:CLO:EBIRD:OBS718452491","Animalia","Chordata","Aves","Passeriformes","Acrocephalidae","Acrocephalus","Acrocephalus scirpaceus","","SPECIES","Acrocephalus scirpaceus (Hermann, 1804)","Acrocephalus scirpaceus","","IT","36.80529,15.094281","Sicilia","PRESENT",1,"e2e717bf-551a-4917-bdc9-4fa0f342c530",36.80529,15.09428,NA,NA,NA,NA,NA,NA,"2016-09-08T00:00:00",8,9,2016,2493118,2493118,"HUMAN_OBSERVATION","CLO","EBIRD","OBS718452491",NA,"","","CC_BY_4_0","","obsr1198275",NA,"","2023-06-07 15:08:22","","CONTINENT_DERIVED_FROM_COORDINATES","POINT (15.09428 36.80529)"
2174293266,"4fa7b334-ce0d-4e88-aaae-2e0c138d049e","URN:catalog:CLO:EBIRD:OBS619148612","Animalia","Chordata","Aves","Passeriformes","Acrocephalidae","Acrocephalus","Acrocephalus scirpaceus","","SPECIES","Acrocephalus scirpaceus (Hermann, 1804)","Acrocephalus scirpaceus","","IT","Oasi di Vendicari, Riserva Naturale","Sicilia","PRESENT",NA,"e2e717bf-551a-4917-bdc9-4fa0f342c530",36.80421,15.09333,NA,NA,NA,NA,NA,NA,"2018-05-07T00:00:00",7,5,2018,2493118,2493118,"HUMAN_OBSERVATION","CLO","EBIRD","OBS619148612",NA,"","","CC_BY_4_0","","obsr276511",NA,"","2023-06-07 15:22:55","","CONTINENT_DERIVED_FROM_COORDINATES","POINT (15.09333 36.80421)"
2173667748,"4fa7b334-ce0d-4e88-aaae-2e0c138d049e","URN:catalog:CLO:EBIRD:OBS641906481","Animalia","Chordata","Aves","Passeriformes","Acrocephalidae","Acrocephalus","Acrocephalus scirpaceus","","SPECIES","Acrocephalus scirpaceus (Hermann, 1804)","Acrocephalus scirpaceus","","IT","Oasi di Vendicari, Riserva Naturale","Sicilia","PRESENT",2,"e2e717bf-551a-4917-bdc9-4fa0f342c530",36.80421,15.09333,NA,NA,NA,NA,NA,NA,"2018-06-22T00:00:00",22,6,2018,2493118,2493118,"HUMAN_OBSERVATION","CLO","EBIRD","OBS641906481",NA,"","","CC_BY_4_0","","obsr1136521",NA,"","2023-06-07 15:22:50","","CONTINENT_DERIVED_FROM_COORDINATES","POINT (15.09333 36.80421)"
2097773292,"4fa7b334-ce0d-4e88-aaae-2e0c138d049e","URN:catalog:CLO:EBIRD:OBS539719105","Animalia","Chordata","Aves","Passeriformes","Acrocephalidae","Acrocephalus","Acrocephalus scirpaceus","","SPECIES","Acrocephalus scirpaceus (Hermann, 1804)","Acrocephalus scirpaceus","","IT","Riserva Naturale Oasi Faunistica Vendicari, Noto IT-Sicily (36.8040,15.0943)","Sicilia","PRESENT",1,"e2e717bf-551a-4917-bdc9-4fa0f342c530",36.80404,15.09433,NA,NA,NA,NA,NA,NA,"2017-09-20T00:00:00",20,9,2017,2493118,2493118,"HUMAN_OBSERVATION","CLO","EBIRD","OBS539719105",NA,"","","CC_BY_4_0","","obsr845014",NA,"","2023-06-07 15:21:17","","CONTINENT_DERIVED_FROM_COORDINATES","POINT (15.09433 36.80404)"
2091922088,"4fa7b334-ce0d-4e88-aaae-2e0c138d049e","URN:catalog:CLO:EBIRD:OBS525299735","Animalia","Chordata","Aves","Passeriformes","Acrocephalidae","Acrocephalus","Acrocephalus scirpaceus","","SPECIES","Acrocephalus scirpaceus (Hermann, 1804)","Acrocephalus scirpaceus","","IT","Oasi di Vendicari, Riserva Naturale","Sicilia","PRESENT",2,"e2e717bf-551a-4917-bdc9-4fa0f342c530",36.80421,15.09333,NA,NA,NA,NA,NA,NA,"2017-05-10T00:00:00",10,5,2017,2493118,2493118,"HUMAN_OBSERVATION","CLO","EBIRD","OBS525299735",NA,"","","CC_BY_4_0","","obsr454809",NA,"","2023-06-07 15:21:51","","CONTINENT_DERIVED_FROM_COORDINATES","POINT (15.09333 36.80421)"
2074667958,"4fa7b334-ce0d-4e88-aaae-2e0c138d049e","URN:catalog:CLO:EBIRD:OBS525251738","Animalia","Chordata","Aves","Passeriformes","Acrocephalidae","Acrocephalus","Acrocephalus scirpaceus","","SPECIES","Acrocephalus scirpaceus (Hermann, 1804)","Acrocephalus scirpaceus","","IT","Oasi di Vendicari, Riserva Naturale","Sicilia","PRESENT",2,"e2e717bf-551a-4917-bdc9-4fa0f342c530",36.80421,15.09333,NA,NA,NA,NA,NA,NA,"2017-05-10T00:00:00",10,5,2017,2493118,2493118,"HUMAN_OBSERVATION","CLO","EBIRD","OBS525251738",NA,"","","CC_BY_4_0","","obsr215832",NA,"","2023-06-07 15:25:08","","CONTINENT_DERIVED_FROM_COORDINATES","POINT (15.09333 36.80421)"
2065710035,"4fa7b334-ce0d-4e88-aaae-2e0c138d049e","URN:catalog:CLO:EBIRD_TX:OBS514203345","Animalia","Chordata","Aves","Passeriformes","Acrocephalidae","Acrocephalus","Acrocephalus scirpaceus","","SPECIES","Acrocephalus scirpaceus (Hermann, 1804)","Acrocephalus scirpaceus","","IT","Oasi di Vendicari, Riserva Naturale","Sicilia","PRESENT",NA,"e2e717bf-551a-4917-bdc9-4fa0f342c530",36.80421,15.09333,NA,NA,NA,NA,NA,NA,"2017-05-10T00:00:00",10,5,2017,2493118,2493118,"HUMAN_OBSERVATION","CLO","EBIRD_TX","OBS514203345",NA,"","","CC_BY_4_0","","obsr31143",NA,"","2023-06-07 15:34:58","","CONTINENT_DERIVED_FROM_COORDINATES","POINT (15.09333 36.80421)"
2064023802,"4fa7b334-ce0d-4e88-aaae-2e0c138d049e","URN:catalog:CLO:EBIRD:OBS497889321","Animalia","Chordata","Aves","Passeriformes","Acrocephalidae","Acrocephalus","Acrocephalus scirpaceus","","SPECIES","Acrocephalus scirpaceus (Hermann, 1804)","Acrocephalus scirpaceus","","IT","IT-Sicily-Noto-Riserva Naturale Oasi Faunistica Vendicari - 36.8056x15.0916","Sicilia","PRESENT",2,"e2e717bf-551a-4917-bdc9-4fa0f342c530",36.80561,15.0916,NA,NA,NA,NA,NA,NA,"2017-05-12T00:00:00",12,5,2017,2493118,2493118,"HUMAN_OBSERVATION","CLO","EBIRD","OBS497889321",NA,"","","CC_BY_4_0","","obsr726762",NA,"","2023-06-07 15:05:57","","CONTINENT_DERIVED_FROM_COORDINATES","POINT (15.0916 36.80561)"
2063589463,"4fa7b334-ce0d-4e88-aaae-2e0c138d049e","URN:catalog:CLO:EBIRD:OBS497407642","Animalia","Chordata","Aves","Passeriformes","Acrocephalidae","Acrocephalus","Acrocephalus scirpaceus","","SPECIES","Acrocephalus scirpaceus (Hermann, 1804)","Acrocephalus scirpaceus","","IT","Oasi di Vendicari, Riserva Naturale","Sicilia","PRESENT",1,"e2e717bf-551a-4917-bdc9-4fa0f342c530",36.80421,15.09333,NA,NA,NA,NA,NA,NA,"2017-05-10T00:00:00",10,5,2017,2493118,2493118,"HUMAN_OBSERVATION","CLO","EBIRD","OBS497407642",NA,"","","CC_BY_4_0","","obsr801936",NA,"","2023-06-07 15:23:18","","CONTINENT_DERIVED_FROM_COORDINATES","POINT (15.09333 36.80421)"
1746849830,"4fa7b334-ce0d-4e88-aaae-2e0c138d049e","URN:catalog:CLO:EBIRD:OBS413660838","Animalia","Chordata","Aves","Passeriformes","Acrocephalidae","Acrocephalus","Acrocephalus scirpaceus","","SPECIES","Acrocephalus scirpaceus (Hermann, 1804)","Acrocephalus scirpaceus","","IT","Oasi di Vendicari, Riserva Naturale","Sicilia","PRESENT",2,"e2e717bf-551a-4917-bdc9-4fa0f342c530",36.80421,15.09333,NA,NA,NA,NA,NA,NA,"2016-06-23T00:00:00",23,6,2016,2493118,2493118,"HUMAN_OBSERVATION","CLO","EBIRD","OBS413660838",NA,"","","CC_BY_4_0","","obsr556518",NA,"","2023-06-07 15:04:56","","CONTINENT_DERIVED_FROM_COORDINATES","POINT (15.09333 36.80421)"
1729754834,"4fa7b334-ce0d-4e88-aaae-2e0c138d049e","URN:catalog:CLO:EBIRD:OBS393919304","Animalia","Chordata","Aves","Passeriformes","Acrocephalidae","Acrocephalus","Acrocephalus scirpaceus","","SPECIES","Acrocephalus scirpaceus (Hermann, 1804)","Acrocephalus scirpaceus","","IT","Oasi di Vendicari, Riserva Naturale","Sicilia","PRESENT",2,"e2e717bf-551a-4917-bdc9-4fa0f342c530",36.80421,15.09333,NA,NA,NA,NA,NA,NA,"2016-04-22T00:00:00",22,4,2016,2493118,2493118,"HUMAN_OBSERVATION","CLO","EBIRD","OBS393919304",NA,"","","CC_BY_4_0","","obsr416326",NA,"","2023-06-07 15:21:24","","CONTINENT_DERIVED_FROM_COORDINATES","POINT (15.09333 36.80421)"
1366625705,"4fa7b334-ce0d-4e88-aaae-2e0c138d049e","URN:catalog:CLO:EBIRD:OBS318056492","Animalia","Chordata","Aves","Passeriformes","Acrocephalidae","Acrocephalus","Acrocephalus scirpaceus","","SPECIES","Acrocephalus scirpaceus (Hermann, 1804)","Acrocephalus scirpaceus","","IT","Oasi di Vendicari, Riserva Naturale","Sicilia","PRESENT",2,"e2e717bf-551a-4917-bdc9-4fa0f342c530",36.80421,15.09333,NA,NA,NA,NA,NA,NA,"2015-05-08T00:00:00",8,5,2015,2493118,2493118,"HUMAN_OBSERVATION","CLO","EBIRD","OBS318056492",NA,"","","CC_BY_4_0","","obsr223617",NA,"","2023-06-07 15:18:13","","CONTINENT_DERIVED_FROM_COORDINATES","POINT (15.09333 36.80421)"
1177510461,"4fa7b334-ce0d-4e88-aaae-2e0c138d049e","URN:catalog:CLO:EBIRD:OBS260519046","Animalia","Chordata","Aves","Passeriformes","Acrocephalidae","Acrocephalus","Acrocephalus scirpaceus","","SPECIES","Acrocephalus scirpaceus (Hermann, 1804)","Acrocephalus scirpaceus","","IT","Oasi di Vendicari, Riserva Naturale","Sicilia","PRESENT",1,"e2e717bf-551a-4917-bdc9-4fa0f342c530",36.80421,15.09333,NA,NA,NA,NA,NA,NA,"2014-05-21T00:00:00",21,5,2014,2493118,2493118,"HUMAN_OBSERVATION","CLO","EBIRD","OBS260519046",NA,"","","CC_BY_4_0","","obsr351262",NA,"","2023-06-07 15:18:54","","CONTINENT_DERIVED_FROM_COORDINATES","POINT (15.09333 36.80421)"
