"gbifID","datasetKey","occurrenceID","kingdom","phylum","class","order","family","genus","species","infraspecificEpithet","taxonRank","scientificName","verbatimScientificName","verbatimScientificNameAuthorship","countryCode","locality","stateProvince","occurrenceStatus","individualCount","publishingOrgKey","decimalLatitude","decimalLongitude","coordinateUncertaintyInMeters","coordinatePrecision","elevation","elevationAccuracy","depth","depthAccuracy","eventDate","day","month","year","taxonKey","speciesKey","basisOfRecord","institutionCode","collectionCode","catalogNumber","recordNumber","identifiedBy","dateIdentified","license","rightsHolder","recordedBy","typeStatus","establishmentMeans","lastInterpreted","mediaType","issue","points_wkt"
3693328341,"4fa7b334-ce0d-4e88-aaae-2e0c138d049e","URN:catalog:CLO:EBIRD:OBS1332570511","Animalia","Chordata","Aves","Passeriformes","Acrocephalidae","Acrocephalus","Acrocephalus scirpaceus","","SPECIES","Acrocephalus scirpaceus (Hermann, 1804)","Acrocephalus scirpaceus","","IT","Oasi dei Variconi","Campania","PRESENT",3,"e2e717bf-551a-4917-bdc9-4fa0f342c530",41.02252,13.93077,NA,NA,NA,NA,NA,NA,"2014-09-23T00:00:00",23,9,2014,2493118,2493118,"HUMAN_OBSERVATION","CLO","EBIRD","OBS1332570511",NA,"","","CC_BY_4_0","","obsr917699",NA,"","2023-06-07 15:30:23","","CONTINENT_DERIVED_FROM_COORDINATES","POINT (13.93077 41.02252)"
3677890678,"4fa7b334-ce0d-4e88-aaae-2e0c138d049e","URN:catalog:CLO:EBIRD:OBS1156409535","Animalia","Chordata","Aves","Passeriformes","Acrocephalidae","Acrocephalus","Acrocephalus scirpaceus","","SPECIES","Acrocephalus scirpaceus (Hermann, 1804)","Acrocephalus scirpaceus","","IT","Oasi dei Variconi","Campania","PRESENT",7,"e2e717bf-551a-4917-bdc9-4fa0f342c530",41.02252,13.93077,NA,NA,NA,NA,NA,NA,"2021-05-14T00:00:00",14,5,2021,2493118,2493118,"HUMAN_OBSERVATION","CLO","EBIRD","OBS1156409535",NA,"","","CC_BY_4_0","","obsr819422",NA,"","2023-06-07 15:34:22","","CONTINENT_DERIVED_FROM_COORDINATES","POINT (13.93077 41.02252)"
3675420883,"4fa7b334-ce0d-4e88-aaae-2e0c138d049e","URN:catalog:CLO:EBIRD:OBS1154656449","Animalia","Chordata","Aves","Passeriformes","Acrocephalidae","Acrocephalus","Acrocephalus scirpaceus","","SPECIES","Acrocephalus scirpaceus (Hermann, 1804)","Acrocephalus scirpaceus","","IT","Oasi dei Variconi","Campania","PRESENT",7,"e2e717bf-551a-4917-bdc9-4fa0f342c530",41.02252,13.93077,NA,NA,NA,NA,NA,NA,"2021-05-14T00:00:00",14,5,2021,2493118,2493118,"HUMAN_OBSERVATION","CLO","EBIRD","OBS1154656449",NA,"","","CC_BY_4_0","","obsr668799",NA,"","2023-06-07 15:14:01","","CONTINENT_DERIVED_FROM_COORDINATES","POINT (13.93077 41.02252)"
3578744729,"4fa7b334-ce0d-4e88-aaae-2e0c138d049e","URN:catalog:CLO:EBIRD:OBS1225147777","Animalia","Chordata","Aves","Passeriformes","Acrocephalidae","Acrocephalus","Acrocephalus scirpaceus","","SPECIES","Acrocephalus scirpaceus (Hermann, 1804)","Acrocephalus scirpaceus","","IT","Variconi","Campania","PRESENT",5,"e2e717bf-551a-4917-bdc9-4fa0f342c530",41.02203,13.93208,NA,NA,NA,NA,NA,NA,"2021-08-27T00:00:00",27,8,2021,2493118,2493118,"HUMAN_OBSERVATION","CLO","EBIRD","OBS1225147777",NA,"","","CC_BY_4_0","","obsr212715",NA,"","2023-06-07 15:18:03","","CONTINENT_DERIVED_FROM_COORDINATES","POINT (13.93208 41.02203)"
3569543951,"4fa7b334-ce0d-4e88-aaae-2e0c138d049e","URN:catalog:CLO:EBIRD:OBS1261375874","Animalia","Chordata","Aves","Passeriformes","Acrocephalidae","Acrocephalus","Acrocephalus scirpaceus","","SPECIES","Acrocephalus scirpaceus (Hermann, 1804)","Acrocephalus scirpaceus","","IT","Oasi dei Variconi","Campania","PRESENT",1,"e2e717bf-551a-4917-bdc9-4fa0f342c530",41.02252,13.93077,NA,NA,NA,NA,NA,NA,"2021-10-19T00:00:00",19,10,2021,2493118,2493118,"HUMAN_OBSERVATION","CLO","EBIRD","OBS1261375874",NA,"","","CC_BY_4_0","","obsr917699",NA,"","2023-06-07 15:30:04","","CONTINENT_DERIVED_FROM_COORDINATES","POINT (13.93077 41.02252)"
3278849957,"4fa7b334-ce0d-4e88-aaae-2e0c138d049e","URN:catalog:CLO:EBIRD:OBS981935209","Animalia","Chordata","Aves","Passeriformes","Acrocephalidae","Acrocephalus","Acrocephalus scirpaceus","","SPECIES","Acrocephalus scirpaceus (Hermann, 1804)","Acrocephalus scirpaceus","","IT","Variconi","Campania","PRESENT",1,"e2e717bf-551a-4917-bdc9-4fa0f342c530",41.02203,13.93208,NA,NA,NA,NA,NA,NA,"2020-09-10T00:00:00",10,9,2020,2493118,2493118,"HUMAN_OBSERVATION","CLO","EBIRD","OBS981935209",NA,"","","CC_BY_4_0","","obsr212715",NA,"","2023-06-07 15:32:06","","CONTINENT_DERIVED_FROM_COORDINATES","POINT (13.93208 41.02203)"
3197049981,"4fa7b334-ce0d-4e88-aaae-2e0c138d049e","URN:catalog:CLO:EBIRD:OBS976637275","Animalia","Chordata","Aves","Passeriformes","Acrocephalidae","Acrocephalus","Acrocephalus scirpaceus","","SPECIES","Acrocephalus scirpaceus (Hermann, 1804)","Acrocephalus scirpaceus","","IT","Variconi","Campania","PRESENT",2,"e2e717bf-551a-4917-bdc9-4fa0f342c530",41.02203,13.93208,NA,NA,NA,NA,NA,NA,"2020-09-02T00:00:00",2,9,2020,2493118,2493118,"HUMAN_OBSERVATION","CLO","EBIRD","OBS976637275",NA,"","","CC_BY_4_0","","obsr212715",NA,"","2023-06-07 15:13:54","","CONTINENT_DERIVED_FROM_COORDINATES","POINT (13.93208 41.02203)"
2781309525,"4fa7b334-ce0d-4e88-aaae-2e0c138d049e","URN:catalog:CLO:EBIRD:OBS815240229","Animalia","Chordata","Aves","Passeriformes","Acrocephalidae","Acrocephalus","Acrocephalus scirpaceus","","SPECIES","Acrocephalus scirpaceus (Hermann, 1804)","Acrocephalus scirpaceus","","IT","Variconi","Campania","PRESENT",1,"e2e717bf-551a-4917-bdc9-4fa0f342c530",41.02203,13.93208,NA,NA,NA,NA,NA,NA,"2019-08-25T00:00:00",25,8,2019,2493118,2493118,"HUMAN_OBSERVATION","CLO","EBIRD","OBS815240229",NA,"","","CC_BY_4_0","","obsr212715",NA,"","2023-06-07 15:25:50","","CONTINENT_DERIVED_FROM_COORDINATES","POINT (13.93208 41.02203)"
2720819079,"4fa7b334-ce0d-4e88-aaae-2e0c138d049e","URN:catalog:CLO:EBIRD:OBS815240069","Animalia","Chordata","Aves","Passeriformes","Acrocephalidae","Acrocephalus","Acrocephalus scirpaceus","","SPECIES","Acrocephalus scirpaceus (Hermann, 1804)","Acrocephalus scirpaceus","","IT","Variconi","Campania","PRESENT",3,"e2e717bf-551a-4917-bdc9-4fa0f342c530",41.02203,13.93208,NA,NA,NA,NA,NA,NA,"2019-08-16T00:00:00",16,8,2019,2493118,2493118,"HUMAN_OBSERVATION","CLO","EBIRD","OBS815240069",NA,"","","CC_BY_4_0","","obsr212715",NA,"","2023-06-07 15:11:02","","CONTINENT_DERIVED_FROM_COORDINATES","POINT (13.93208 41.02203)"
2231174981,"4fa7b334-ce0d-4e88-aaae-2e0c138d049e","URN:catalog:CLO:EBIRD:OBS682964815","Animalia","Chordata","Aves","Passeriformes","Acrocephalidae","Acrocephalus","Acrocephalus scirpaceus","","SPECIES","Acrocephalus scirpaceus (Hermann, 1804)","Acrocephalus scirpaceus","","IT","Variconi","Campania","PRESENT",2,"e2e717bf-551a-4917-bdc9-4fa0f342c530",41.02203,13.93208,NA,NA,NA,NA,NA,NA,"2014-08-12T00:00:00",12,8,2014,2493118,2493118,"HUMAN_OBSERVATION","CLO","EBIRD","OBS682964815",NA,"","","CC_BY_4_0","","obsr212715",NA,"","2023-06-07 15:24:55","","CONTINENT_DERIVED_FROM_COORDINATES","POINT (13.93208 41.02203)"
2231160551,"4fa7b334-ce0d-4e88-aaae-2e0c138d049e","URN:catalog:CLO:EBIRD:OBS682945362","Animalia","Chordata","Aves","Passeriformes","Acrocephalidae","Acrocephalus","Acrocephalus scirpaceus","","SPECIES","Acrocephalus scirpaceus (Hermann, 1804)","Acrocephalus scirpaceus","","IT","Variconi","Campania","PRESENT",1,"e2e717bf-551a-4917-bdc9-4fa0f342c530",41.02203,13.93208,NA,NA,NA,NA,NA,NA,"2015-04-30T00:00:00",30,4,2015,2493118,2493118,"HUMAN_OBSERVATION","CLO","EBIRD","OBS682945362",NA,"","","CC_BY_4_0","","obsr212715",NA,"","2023-06-07 15:25:10","","CONTINENT_DERIVED_FROM_COORDINATES","POINT (13.93208 41.02203)"
2177125799,"4fa7b334-ce0d-4e88-aaae-2e0c138d049e","URN:catalog:CLO:EBIRD:OBS634243845","Animalia","Chordata","Aves","Passeriformes","Acrocephalidae","Acrocephalus","Acrocephalus scirpaceus","","SPECIES","Acrocephalus scirpaceus (Hermann, 1804)","Acrocephalus scirpaceus","","IT","1 Via Pietro Micca, Castel Volturno, Campania, IT (41,025, 13,935)","Campania","PRESENT",3,"e2e717bf-551a-4917-bdc9-4fa0f342c530",41.02483,13.93517,NA,NA,NA,NA,NA,NA,"2018-06-25T00:00:00",25,6,2018,2493118,2493118,"HUMAN_OBSERVATION","CLO","EBIRD","OBS634243845",NA,"","","CC_BY_4_0","","obsr900235",NA,"","2023-06-07 15:24:42","","CONTINENT_DERIVED_FROM_COORDINATES","POINT (13.93517 41.02483)"
2167420721,"4fa7b334-ce0d-4e88-aaae-2e0c138d049e","URN:catalog:CLO:EBIRD:OBS622476014","Animalia","Chordata","Aves","Passeriformes","Acrocephalidae","Acrocephalus","Acrocephalus scirpaceus","","SPECIES","Acrocephalus scirpaceus (Hermann, 1804)","Acrocephalus scirpaceus","","IT","Oasi dei Variconi","Campania","PRESENT",2,"e2e717bf-551a-4917-bdc9-4fa0f342c530",41.02252,13.93077,NA,NA,NA,NA,NA,NA,"2018-05-23T00:00:00",23,5,2018,2493118,2493118,"HUMAN_OBSERVATION","CLO","EBIRD","OBS622476014",NA,"","","CC_BY_4_0","","obsr214436",NA,"","2023-06-07 15:22:43","","CONTINENT_DERIVED_FROM_COORDINATES","POINT (13.93077 41.02252)"
1366883733,"4fa7b334-ce0d-4e88-aaae-2e0c138d049e","URN:catalog:CLO:EBIRD:OBS318470620","Animalia","Chordata","Aves","Passeriformes","Acrocephalidae","Acrocephalus","Acrocephalus scirpaceus","","SPECIES","Acrocephalus scirpaceus (Hermann, 1804)","Acrocephalus scirpaceus","","IT","Variconi","Campania","PRESENT",5,"e2e717bf-551a-4917-bdc9-4fa0f342c530",41.02203,13.93208,NA,NA,NA,NA,NA,NA,"2015-05-09T00:00:00",9,5,2015,2493118,2493118,"HUMAN_OBSERVATION","CLO","EBIRD","OBS318470620",NA,"","","CC_BY_4_0","","obsr212715",NA,"","2023-06-07 15:03:21","","CONTINENT_DERIVED_FROM_COORDINATES","POINT (13.93208 41.02203)"
