"gbifID","datasetKey","occurrenceID","kingdom","phylum","class","order","family","genus","species","infraspecificEpithet","taxonRank","scientificName","verbatimScientificName","verbatimScientificNameAuthorship","countryCode","locality","stateProvince","occurrenceStatus","individualCount","publishingOrgKey","decimalLatitude","decimalLongitude","coordinateUncertaintyInMeters","coordinatePrecision","elevation","elevationAccuracy","depth","depthAccuracy","eventDate","day","month","year","taxonKey","speciesKey","basisOfRecord","institutionCode","collectionCode","catalogNumber","recordNumber","identifiedBy","dateIdentified","license","rightsHolder","recordedBy","typeStatus","establishmentMeans","lastInterpreted","mediaType","issue","points_wkt"
3673552148,"4fa7b334-ce0d-4e88-aaae-2e0c138d049e","URN:catalog:CLO:EBIRD:OBS1134769586","Animalia","Chordata","Aves","Passeriformes","Acrocephalidae","Acrocephalus","Acrocephalus scirpaceus","","SPECIES","Acrocephalus scirpaceus (Hermann, 1804)","Acrocephalus scirpaceus","","IT","Oasi di Burano","Toscana","PRESENT",1,"e2e717bf-551a-4917-bdc9-4fa0f342c530",42.40593,11.37636,NA,NA,NA,NA,NA,NA,"2016-04-20T00:00:00",20,4,2016,2493118,2493118,"HUMAN_OBSERVATION","CLO","EBIRD","OBS1134769586",NA,"","","CC_BY_4_0","","obsr2128622",NA,"","2023-06-07 15:14:00","","CONTINENT_DERIVED_FROM_COORDINATES","POINT (11.37636 42.40593)"
2757607982,"4fa7b334-ce0d-4e88-aaae-2e0c138d049e","URN:catalog:CLO:EBIRD:OBS766287924","Animalia","Chordata","Aves","Passeriformes","Acrocephalidae","Acrocephalus","Acrocephalus scirpaceus","","SPECIES","Acrocephalus scirpaceus (Hermann, 1804)","Acrocephalus scirpaceus","","IT","Lago di Burano","Toscana","PRESENT",2,"e2e717bf-551a-4917-bdc9-4fa0f342c530",42.40444,11.36942,NA,NA,NA,NA,NA,NA,"2019-05-25T00:00:00",25,5,2019,2493118,2493118,"HUMAN_OBSERVATION","CLO","EBIRD","OBS766287924",NA,"","","CC_BY_4_0","","obsr220907",NA,"","2023-06-07 15:09:31","","CONTINENT_DERIVED_FROM_COORDINATES","POINT (11.36942 42.40444)"
2739886781,"4fa7b334-ce0d-4e88-aaae-2e0c138d049e","URN:catalog:CLO:EBIRD:OBS766287913","Animalia","Chordata","Aves","Passeriformes","Acrocephalidae","Acrocephalus","Acrocephalus scirpaceus","","SPECIES","Acrocephalus scirpaceus (Hermann, 1804)","Acrocephalus scirpaceus","","IT","Lago di Burano","Toscana","PRESENT",2,"e2e717bf-551a-4917-bdc9-4fa0f342c530",42.40444,11.36942,NA,NA,NA,NA,NA,NA,"2019-05-25T00:00:00",25,5,2019,2493118,2493118,"HUMAN_OBSERVATION","CLO","EBIRD","OBS766287913",NA,"","","CC_BY_4_0","","obsr210322",NA,"","2023-06-07 15:26:03","","CONTINENT_DERIVED_FROM_COORDINATES","POINT (11.36942 42.40444)"
1730881924,"4fa7b334-ce0d-4e88-aaae-2e0c138d049e","URN:catalog:CLO:EBIRD:OBS395077080","Animalia","Chordata","Aves","Passeriformes","Acrocephalidae","Acrocephalus","Acrocephalus scirpaceus","","SPECIES","Acrocephalus scirpaceus (Hermann, 1804)","Acrocephalus scirpaceus","","IT","Oasi di Burano","Toscana","PRESENT",1,"e2e717bf-551a-4917-bdc9-4fa0f342c530",42.40593,11.37636,NA,NA,NA,NA,NA,NA,"2016-04-20T00:00:00",20,4,2016,2493118,2493118,"HUMAN_OBSERVATION","CLO","EBIRD","OBS395077080",NA,"","","CC_BY_4_0","","obsr305809",NA,"","2023-06-07 15:21:38","","CONTINENT_DERIVED_FROM_COORDINATES","POINT (11.37636 42.40593)"
