"gbifID","datasetKey","occurrenceID","kingdom","phylum","class","order","family","genus","species","infraspecificEpithet","taxonRank","scientificName","verbatimScientificName","verbatimScientificNameAuthorship","countryCode","locality","stateProvince","occurrenceStatus","individualCount","publishingOrgKey","decimalLatitude","decimalLongitude","coordinateUncertaintyInMeters","coordinatePrecision","elevation","elevationAccuracy","depth","depthAccuracy","eventDate","day","month","year","taxonKey","speciesKey","basisOfRecord","institutionCode","collectionCode","catalogNumber","recordNumber","identifiedBy","dateIdentified","license","rightsHolder","recordedBy","typeStatus","establishmentMeans","lastInterpreted","mediaType","issue","points_wkt"
3549405097,"4fa7b334-ce0d-4e88-aaae-2e0c138d049e","URN:catalog:CLO:EBIRD:OBS1155877827","Animalia","Chordata","Aves","Passeriformes","Acrocephalidae","Acrocephalus","Acrocephalus palustris",NA,"SPECIES","Acrocephalus palustris (Bechstein, 1798)","Acrocephalus palustris",NA,"IT","Valli di Argenta--settore Sud (south sector)","Emilia-Romagna","PRESENT",10,"e2e717bf-551a-4917-bdc9-4fa0f342c530",44.5711,11.83676,NA,NA,NA,NA,NA,NA,"2021-05-15T00:00:00",15,5,2021,2493136,2493136,"HUMAN_OBSERVATION","CLO","EBIRD","OBS1155877827",NA,"","","CC_BY_4_0","","obsr608674",NA,"","2023-06-07 15:14:02","","CONTINENT_DERIVED_FROM_COORDINATES","POINT (11.83676 44.5711)"
3153367690,"4fa7b334-ce0d-4e88-aaae-2e0c138d049e","URN:catalog:CLO:EBIRD:OBS915787404","Animalia","Chordata","Aves","Passeriformes","Acrocephalidae","Acrocephalus","Acrocephalus palustris",NA,"SPECIES","Acrocephalus palustris (Bechstein, 1798)","Acrocephalus palustris",NA,"IT","Valli di Argenta--settore Sud (south sector)","Emilia-Romagna","PRESENT",2,"e2e717bf-551a-4917-bdc9-4fa0f342c530",44.5711,11.83676,NA,NA,NA,NA,NA,NA,"2020-05-09T00:00:00",9,5,2020,2493136,2493136,"HUMAN_OBSERVATION","CLO","EBIRD","OBS915787404",NA,"","","CC_BY_4_0","","obsr608674",NA,"","2023-06-07 15:10:54","","CONTINENT_DERIVED_FROM_COORDINATES","POINT (11.83676 44.5711)"
2740604485,"4fa7b334-ce0d-4e88-aaae-2e0c138d049e","URN:catalog:CLO:EBIRD:OBS766567706","Animalia","Chordata","Aves","Passeriformes","Acrocephalidae","Acrocephalus","Acrocephalus palustris",NA,"SPECIES","Acrocephalus palustris (Bechstein, 1798)","Acrocephalus palustris",NA,"IT","Valli di Argenta--settore Sud (south sector)","Emilia-Romagna","PRESENT",5,"e2e717bf-551a-4917-bdc9-4fa0f342c530",44.5711,11.83676,NA,NA,NA,NA,NA,NA,"2019-05-26T00:00:00",26,5,2019,2493136,2493136,"HUMAN_OBSERVATION","CLO","EBIRD","OBS766567706",NA,"","","CC_BY_4_0","","obsr608674",NA,"","2023-06-07 15:26:34","","CONTINENT_DERIVED_FROM_COORDINATES","POINT (11.83676 44.5711)"
2165157496,"4fa7b334-ce0d-4e88-aaae-2e0c138d049e","URN:catalog:CLO:EBIRD:OBS617103590","Animalia","Chordata","Aves","Passeriformes","Acrocephalidae","Acrocephalus","Acrocephalus palustris",NA,"SPECIES","Acrocephalus palustris (Bechstein, 1798)","Acrocephalus palustris",NA,"IT","Valli di Argenta--settore Sud (south sector)","Emilia-Romagna","PRESENT",10,"e2e717bf-551a-4917-bdc9-4fa0f342c530",44.5711,11.83676,NA,NA,NA,NA,NA,NA,"2018-05-13T00:00:00",13,5,2018,2493136,2493136,"HUMAN_OBSERVATION","CLO","EBIRD","OBS617103590",NA,"","","CC_BY_4_0","","obsr608674",NA,"","2023-06-07 15:07:18","","CONTINENT_DERIVED_FROM_COORDINATES","POINT (11.83676 44.5711)"
2067951406,"4fa7b334-ce0d-4e88-aaae-2e0c138d049e","URN:catalog:CLO:EBIRD:OBS502212985","Animalia","Chordata","Aves","Passeriformes","Acrocephalidae","Acrocephalus","Acrocephalus palustris",NA,"SPECIES","Acrocephalus palustris (Bechstein, 1798)","Acrocephalus palustris",NA,"IT","Valli di Argenta--settore Sud (south sector)","Emilia-Romagna","PRESENT",3,"e2e717bf-551a-4917-bdc9-4fa0f342c530",44.5711,11.83676,NA,NA,NA,NA,NA,NA,"2017-05-20T00:00:00",20,5,2017,2493136,2493136,"HUMAN_OBSERVATION","CLO","EBIRD","OBS502212985",NA,"","","CC_BY_4_0","","obsr608674",NA,"","2023-06-07 15:06:17","","CONTINENT_DERIVED_FROM_COORDINATES","POINT (11.83676 44.5711)"
1740295360,"4fa7b334-ce0d-4e88-aaae-2e0c138d049e","URN:catalog:CLO:EBIRD:OBS405942188","Animalia","Chordata","Aves","Passeriformes","Acrocephalidae","Acrocephalus","Acrocephalus palustris",NA,"SPECIES","Acrocephalus palustris (Bechstein, 1798)","Acrocephalus palustris",NA,"IT","Valli di Argenta--settore Sud (south sector)","Emilia-Romagna","PRESENT",3,"e2e717bf-551a-4917-bdc9-4fa0f342c530",44.5711,11.83676,NA,NA,NA,NA,NA,NA,"2016-05-22T00:00:00",22,5,2016,2493136,2493136,"HUMAN_OBSERVATION","CLO","EBIRD","OBS405942188",NA,"","","CC_BY_4_0","","obsr608674",NA,"","2023-06-07 15:04:45","","CONTINENT_DERIVED_FROM_COORDINATES","POINT (11.83676 44.5711)"
