"gbifID","datasetKey","occurrenceID","kingdom","phylum","class","order","family","genus","species","infraspecificEpithet","taxonRank","scientificName","verbatimScientificName","verbatimScientificNameAuthorship","countryCode","locality","stateProvince","occurrenceStatus","individualCount","publishingOrgKey","decimalLatitude","decimalLongitude","coordinateUncertaintyInMeters","coordinatePrecision","elevation","elevationAccuracy","depth","depthAccuracy","eventDate","day","month","year","taxonKey","speciesKey","basisOfRecord","institutionCode","collectionCode","catalogNumber","recordNumber","identifiedBy","dateIdentified","license","rightsHolder","recordedBy","typeStatus","establishmentMeans","lastInterpreted","mediaType","issue","points_wkt"
3859540855,"50c9509d-22c7-4a22-a47d-8c48425ef4a7","https://www.inaturalist.org/observations/120842589","Animalia","Chordata","Aves","Passeriformes","Acrocephalidae","Acrocephalus","Acrocephalus palustris",NA,"SPECIES","Acrocephalus palustris (Bechstein, 1798)","Acrocephalus palustris",NA,"IT","","Lombardia","PRESENT",NA,"28eb1a3f-1c15-4a95-931a-4af90ecb574d",46.15102,9.3987,89,NA,NA,NA,NA,NA,"2022-06-03T00:00:00",3,6,2022,2493136,2493136,"HUMAN_OBSERVATION","iNaturalist","Observations","120842589",NA,"Claudio Foglini","2022-06-08T17:52:46","CC_BY_NC_4_0","Claudio Foglini","Claudio Foglini",NA,"","2023-06-21 11:09:35","Sound","COORDINATE_ROUNDED;CONTINENT_DERIVED_FROM_COORDINATES","POINT (9.3987 46.15102)"
3858743037,"50c9509d-22c7-4a22-a47d-8c48425ef4a7","https://www.inaturalist.org/observations/122121041","Animalia","Chordata","Aves","Passeriformes","Acrocephalidae","Acrocephalus","Acrocephalus palustris",NA,"SPECIES","Acrocephalus palustris (Bechstein, 1798)","Acrocephalus palustris",NA,"IT","","Lombardia","PRESENT",NA,"28eb1a3f-1c15-4a95-931a-4af90ecb574d",46.14988,9.38584,132,NA,NA,NA,NA,NA,"2022-06-13T08:16:00",13,6,2022,2493136,2493136,"HUMAN_OBSERVATION","iNaturalist","Observations","122121041",NA,"Roberto Brembilla","2022-06-17T05:02:04","CC_BY_NC_4_0","Roberto Brembilla","Roberto Brembilla",NA,"","2023-06-21 11:09:39","StillImage","COORDINATE_ROUNDED;CONTINENT_DERIVED_FROM_COORDINATES","POINT (9.38584 46.14988)"
3536083723,"4fa7b334-ce0d-4e88-aaae-2e0c138d049e","URN:catalog:CLO:EBIRD:OBS1196074790","Animalia","Chordata","Aves","Passeriformes","Acrocephalidae","Acrocephalus","Acrocephalus palustris",NA,"SPECIES","Acrocephalus palustris (Bechstein, 1798)","Acrocephalus palustris",NA,"IT","Riserva Naturale Pian di Spagna e Lago di Mezzola","Lombardia","PRESENT",1,"e2e717bf-551a-4917-bdc9-4fa0f342c530",46.18102,9.42953,NA,NA,NA,NA,NA,NA,"2021-07-03T00:00:00",3,7,2021,2493136,2493136,"HUMAN_OBSERVATION","CLO","EBIRD","OBS1196074790",NA,"","","CC_BY_4_0","","obsr112627",NA,"","2023-06-07 15:28:59","","CONTINENT_DERIVED_FROM_COORDINATES","POINT (9.42953 46.18102)"
3526780289,"4fa7b334-ce0d-4e88-aaae-2e0c138d049e","URN:catalog:CLO:EBIRD:OBS1196057892","Animalia","Chordata","Aves","Passeriformes","Acrocephalidae","Acrocephalus","Acrocephalus palustris",NA,"SPECIES","Acrocephalus palustris (Bechstein, 1798)","Acrocephalus palustris",NA,"IT","Riserva Naturale Pian di Spagna e Lago di Mezzola","Lombardia","PRESENT",3,"e2e717bf-551a-4917-bdc9-4fa0f342c530",46.18102,9.42953,NA,NA,NA,NA,NA,NA,"2021-06-28T00:00:00",28,6,2021,2493136,2493136,"HUMAN_OBSERVATION","CLO","EBIRD","OBS1196057892",NA,"","","CC_BY_4_0","","obsr112627",NA,"","2023-06-07 15:28:58","","CONTINENT_DERIVED_FROM_COORDINATES","POINT (9.42953 46.18102)"
2633955398,"50c9509d-22c7-4a22-a47d-8c48425ef4a7","https://www.inaturalist.org/observations/26351491","Animalia","Chordata","Aves","Passeriformes","Acrocephalidae","Acrocephalus","Acrocephalus palustris",NA,"SPECIES","Acrocephalus palustris (Bechstein, 1798)","Acrocephalus palustris",NA,"IT","","Lombardia","PRESENT",NA,"28eb1a3f-1c15-4a95-931a-4af90ecb574d",46.15627,9.3926,507,NA,NA,NA,NA,NA,"2019-06-03T07:31:00",3,6,2019,2493136,2493136,"HUMAN_OBSERVATION","iNaturalist","Observations","26351491",NA,"Roberto Brembilla","2019-06-03T21:50:18","CC_BY_NC_4_0","Roberto Brembilla","Roberto Brembilla",NA,"","2023-06-21 11:04:01","StillImage","COORDINATE_ROUNDED;CONTINENT_DERIVED_FROM_COORDINATES","POINT (9.3926 46.15627)"
2626311465,"50c9509d-22c7-4a22-a47d-8c48425ef4a7","https://www.inaturalist.org/observations/45916883","Animalia","Chordata","Aves","Passeriformes","Acrocephalidae","Acrocephalus","Acrocephalus palustris",NA,"SPECIES","Acrocephalus palustris (Bechstein, 1798)","Acrocephalus palustris",NA,"IT","","Lombardia","PRESENT",NA,"28eb1a3f-1c15-4a95-931a-4af90ecb574d",46.16113,9.39628,1302,NA,NA,NA,NA,NA,"2020-05-14T08:51:00",14,5,2020,2493136,2493136,"HUMAN_OBSERVATION","iNaturalist","Observations","45916883",NA,"Roberto Brembilla","2020-05-14T22:16:59","CC_BY_NC_4_0","Roberto Brembilla","Roberto Brembilla",NA,"","2023-06-21 11:14:27","StillImage","COORDINATE_ROUNDED;CONTINENT_DERIVED_FROM_COORDINATES","POINT (9.39628 46.16113)"
2251996504,"50c9509d-22c7-4a22-a47d-8c48425ef4a7","https://www.inaturalist.org/observations/26162653","Animalia","Chordata","Aves","Passeriformes","Acrocephalidae","Acrocephalus","Acrocephalus palustris",NA,"SPECIES","Acrocephalus palustris (Bechstein, 1798)","Acrocephalus palustris",NA,"IT","","Lombardia","PRESENT",NA,"28eb1a3f-1c15-4a95-931a-4af90ecb574d",46.19864,9.4459,2299,NA,NA,NA,NA,NA,"2019-06-01T10:00:01",1,6,2019,2493136,2493136,"HUMAN_OBSERVATION","iNaturalist","Observations","26162653",NA,"parco_orobie_valtellinesi","2019-06-01T08:00:27","CC_BY_NC_4_0","parco_orobie_valtellinesi","parco_orobie_valtellinesi",NA,"","2023-06-21 11:04:00","StillImage","COORDINATE_ROUNDED;CONTINENT_DERIVED_FROM_COORDINATES","POINT (9.4459 46.19864)"
2066577025,"4fa7b334-ce0d-4e88-aaae-2e0c138d049e","URN:catalog:CLO:EBIRD:OBS500952051","Animalia","Chordata","Aves","Passeriformes","Acrocephalidae","Acrocephalus","Acrocephalus palustris",NA,"SPECIES","Acrocephalus palustris (Bechstein, 1798)","Acrocephalus palustris",NA,"IT","Novate Mezzola--Via al Lido","Lombardia","PRESENT",1,"e2e717bf-551a-4917-bdc9-4fa0f342c530",46.21189,9.44661,NA,NA,NA,NA,NA,NA,"2017-05-17T00:00:00",17,5,2017,2493136,2493136,"HUMAN_OBSERVATION","CLO","EBIRD","OBS500952051",NA,"","","CC_BY_4_0","","obsr904219",NA,"","2023-06-07 15:06:23","","CONTINENT_DERIVED_FROM_COORDINATES","POINT (9.44661 46.21189)"
