"gbifID","datasetKey","occurrenceID","kingdom","phylum","class","order","family","genus","species","infraspecificEpithet","taxonRank","scientificName","verbatimScientificName","verbatimScientificNameAuthorship","countryCode","locality","stateProvince","occurrenceStatus","individualCount","publishingOrgKey","decimalLatitude","decimalLongitude","coordinateUncertaintyInMeters","coordinatePrecision","elevation","elevationAccuracy","depth","depthAccuracy","eventDate","day","month","year","taxonKey","speciesKey","basisOfRecord","institutionCode","collectionCode","catalogNumber","recordNumber","identifiedBy","dateIdentified","license","rightsHolder","recordedBy","typeStatus","establishmentMeans","lastInterpreted","mediaType","issue","points_wkt"
3764218304,"50c9509d-22c7-4a22-a47d-8c48425ef4a7","https://www.inaturalist.org/observations/6690294","Animalia","Chordata","Aves","Passeriformes","Acrocephalidae","Acrocephalus","Acrocephalus palustris",NA,"SPECIES","Acrocephalus palustris (Bechstein, 1798)","Acrocephalus palustris",NA,"IT","","Lombardia","PRESENT",NA,"28eb1a3f-1c15-4a95-931a-4af90ecb574d",45.1596,10.68985,688,NA,NA,NA,NA,NA,"2017-06-17T08:02:16",17,6,2017,2493136,2493136,"HUMAN_OBSERVATION","iNaturalist","Observations","6690294",NA,"Marco Munari","2017-06-17T14:24:30","CC_BY_NC_4_0","Marco Munari","Marco Munari",NA,"","2023-06-21 11:03:05","StillImage","COORDINATE_ROUNDED;CONTINENT_DERIVED_FROM_COORDINATES","POINT (10.68985 45.1596)"
2848592199,"b1047888-ae52-4179-9dd5-5448ea342a24","https://data.biodiversitydata.nl/xeno-canto/observation/XC567554","Animalia","Chordata","Aves","Passeriformes","Acrocephalidae","Acrocephalus","Acrocephalus palustris",NA,"SPECIES","Acrocephalus palustris (Bechstein, 1798)","Acrocephalus palustris",NA,"IT","Porto Mantovano, Provincia di Mantova, Lombardia","","PRESENT",NA,"1f00d75c-f6fc-4224-a595-975e82d7689c",45.1728,10.7082,NA,NA,NA,NA,NA,NA,"2020-06-12T00:00:00",12,6,2020,2493136,2493136,"HUMAN_OBSERVATION","","Wildlife sounds - Birds","XC567554",NA,"","","CC_BY_NC_4_0","Lorenzo Maffezzoli","Lorenzo Maffezzoli",NA,"","2023-06-07 21:04:34","StillImage;Sound","CONTINENT_DERIVED_FROM_COORDINATES","POINT (10.7082 45.1728)"
2432440813,"b1047888-ae52-4179-9dd5-5448ea342a24","https://data.biodiversitydata.nl/xeno-canto/observation/XC488145","Animalia","Chordata","Aves","Passeriformes","Acrocephalidae","Acrocephalus","Acrocephalus palustris",NA,"SPECIES","Acrocephalus palustris (Bechstein, 1798)","Acrocephalus palustris",NA,"IT","Porto Mantovano, Provincia di Mantova, Lombardia","","PRESENT",NA,"1f00d75c-f6fc-4224-a595-975e82d7689c",45.1717,10.7046,NA,NA,NA,NA,NA,NA,"2019-06-02T00:00:00",2,6,2019,2493136,2493136,"HUMAN_OBSERVATION","","Wildlife sounds - Birds","XC488145",NA,"","","CC_BY_NC_4_0","Lorenzo Maffezzoli","Lorenzo Maffezzoli",NA,"","2023-06-07 21:04:31","StillImage;Sound","CONTINENT_DERIVED_FROM_COORDINATES","POINT (10.7046 45.1717)"
1890097395,"50c9509d-22c7-4a22-a47d-8c48425ef4a7","https://www.inaturalist.org/observations/6690424","Animalia","Chordata","Aves","Passeriformes","Acrocephalidae","Acrocephalus","Acrocephalus palustris",NA,"SPECIES","Acrocephalus palustris (Bechstein, 1798)","Acrocephalus palustris",NA,"IT","","Lombardia","PRESENT",NA,"28eb1a3f-1c15-4a95-931a-4af90ecb574d",45.15955,10.68994,688,NA,NA,NA,NA,NA,"2017-06-17T11:32:32",17,6,2017,2493136,2493136,"HUMAN_OBSERVATION","iNaturalist","Observations","6690424",NA,"Marco Munari","2017-06-17T14:26:44","CC_BY_NC_4_0","Marco Munari","Marco Munari",NA,"","2023-06-21 11:13:13","StillImage","COORDINATE_ROUNDED;CONTINENT_DERIVED_FROM_COORDINATES","POINT (10.68994 45.15955)"
