"gbifID","datasetKey","occurrenceID","kingdom","phylum","class","order","family","genus","species","infraspecificEpithet","taxonRank","scientificName","verbatimScientificName","verbatimScientificNameAuthorship","countryCode","locality","stateProvince","occurrenceStatus","individualCount","publishingOrgKey","decimalLatitude","decimalLongitude","coordinateUncertaintyInMeters","coordinatePrecision","elevation","elevationAccuracy","depth","depthAccuracy","eventDate","day","month","year","taxonKey","speciesKey","basisOfRecord","institutionCode","collectionCode","catalogNumber","recordNumber","identifiedBy","dateIdentified","license","rightsHolder","recordedBy","typeStatus","establishmentMeans","lastInterpreted","mediaType","issue","points_wkt"
3190305504,"4fa7b334-ce0d-4e88-aaae-2e0c138d049e","URN:catalog:CLO:EBIRD:OBS985398072","Animalia","Chordata","Aves","Passeriformes","Acrocephalidae","Acrocephalus","Acrocephalus schoenobaenus",NA,"SPECIES","Acrocephalus schoenobaenus (Linnaeus, 1758)","Acrocephalus schoenobaenus","","IT","Oasi di Vendicari, Riserva Naturale","Sicilia","PRESENT",1,"e2e717bf-551a-4917-bdc9-4fa0f342c530",36.80421,15.09333,NA,NA,NA,NA,NA,NA,"2020-09-23T00:00:00",23,9,2020,2493129,2493129,"HUMAN_OBSERVATION","CLO","EBIRD","OBS985398072",NA,"","","CC_BY_4_0","","obsr1403521",NA,NA,"2023-06-07 15:13:53","","CONTINENT_DERIVED_FROM_COORDINATES","POINT (15.09333 36.80421)"
1788770013,"4fa7b334-ce0d-4e88-aaae-2e0c138d049e","URN:catalog:CLO:EBIRD_CAN:OBS495803037","Animalia","Chordata","Aves","Passeriformes","Acrocephalidae","Acrocephalus","Acrocephalus schoenobaenus",NA,"SPECIES","Acrocephalus schoenobaenus (Linnaeus, 1758)","Acrocephalus schoenobaenus","","IT","Oasi di Vendicari, Riserva Naturale","Sicilia","PRESENT",1,"e2e717bf-551a-4917-bdc9-4fa0f342c530",36.80421,15.09333,NA,NA,NA,NA,NA,NA,"2016-04-04T00:00:00",4,4,2016,2493129,2493129,"HUMAN_OBSERVATION","CLO","EBIRD_CAN","OBS495803037",NA,"","","CC_BY_4_0","","obsr491321",NA,NA,"2023-06-07 15:22:23","","CONTINENT_DERIVED_FROM_COORDINATES","POINT (15.09333 36.80421)"
1783805612,"4fa7b334-ce0d-4e88-aaae-2e0c138d049e","URN:catalog:CLO:EBIRD_CAN:OBS460170326","Animalia","Chordata","Aves","Passeriformes","Acrocephalidae","Acrocephalus","Acrocephalus schoenobaenus",NA,"SPECIES","Acrocephalus schoenobaenus (Linnaeus, 1758)","Acrocephalus schoenobaenus","","IT","Oasi di Vendicari, Riserva Naturale","Sicilia","PRESENT",1,"e2e717bf-551a-4917-bdc9-4fa0f342c530",36.80421,15.09333,NA,NA,NA,NA,NA,NA,"2016-04-04T00:00:00",4,4,2016,2493129,2493129,"HUMAN_OBSERVATION","CLO","EBIRD_CAN","OBS460170326",NA,"","","CC_BY_4_0","","obsr759047",NA,NA,"2023-06-07 15:06:07","","CONTINENT_DERIVED_FROM_COORDINATES","POINT (15.09333 36.80421)"
1366626958,"4fa7b334-ce0d-4e88-aaae-2e0c138d049e","URN:catalog:CLO:EBIRD:OBS318056485","Animalia","Chordata","Aves","Passeriformes","Acrocephalidae","Acrocephalus","Acrocephalus schoenobaenus",NA,"SPECIES","Acrocephalus schoenobaenus (Linnaeus, 1758)","Acrocephalus schoenobaenus","","IT","Oasi di Vendicari, Riserva Naturale","Sicilia","PRESENT",2,"e2e717bf-551a-4917-bdc9-4fa0f342c530",36.80421,15.09333,NA,NA,NA,NA,NA,NA,"2015-05-08T00:00:00",8,5,2015,2493129,2493129,"HUMAN_OBSERVATION","CLO","EBIRD","OBS318056485",NA,"","","CC_BY_4_0","","obsr223617",NA,NA,"2023-06-07 15:03:25","","CONTINENT_DERIVED_FROM_COORDINATES","POINT (15.09333 36.80421)"
