"gbifID","datasetKey","occurrenceID","kingdom","phylum","class","order","family","genus","species","infraspecificEpithet","taxonRank","scientificName","verbatimScientificName","verbatimScientificNameAuthorship","countryCode","locality","stateProvince","occurrenceStatus","individualCount","publishingOrgKey","decimalLatitude","decimalLongitude","coordinateUncertaintyInMeters","coordinatePrecision","elevation","elevationAccuracy","depth","depthAccuracy","eventDate","day","month","year","taxonKey","speciesKey","basisOfRecord","institutionCode","collectionCode","catalogNumber","recordNumber","identifiedBy","dateIdentified","license","rightsHolder","recordedBy","typeStatus","establishmentMeans","lastInterpreted","mediaType","issue","points_wkt"
3648363647,"4fa7b334-ce0d-4e88-aaae-2e0c138d049e","URN:catalog:CLO:EBIRD:OBS1331917638","Animalia","Chordata","Aves","Passeriformes","Acrocephalidae","Acrocephalus","Acrocephalus schoenobaenus",NA,"SPECIES","Acrocephalus schoenobaenus (Linnaeus, 1758)","Acrocephalus schoenobaenus","","IT","Oasi dei Variconi","Campania","PRESENT",2,"e2e717bf-551a-4917-bdc9-4fa0f342c530",41.02252,13.93077,NA,NA,NA,NA,NA,NA,"2015-03-28T00:00:00",28,3,2015,2493129,2493129,"HUMAN_OBSERVATION","CLO","EBIRD","OBS1331917638",NA,"","","CC_BY_4_0","","obsr917699",NA,NA,"2023-06-07 15:31:21","","CONTINENT_DERIVED_FROM_COORDINATES","POINT (13.93077 41.02252)"
3645159467,"4fa7b334-ce0d-4e88-aaae-2e0c138d049e","URN:catalog:CLO:EBIRD:OBS1117355477","Animalia","Chordata","Aves","Passeriformes","Acrocephalidae","Acrocephalus","Acrocephalus schoenobaenus",NA,"SPECIES","Acrocephalus schoenobaenus (Linnaeus, 1758)","Acrocephalus schoenobaenus","","IT","Variconi","Campania","PRESENT",1,"e2e717bf-551a-4917-bdc9-4fa0f342c530",41.02203,13.93208,NA,NA,NA,NA,NA,NA,"2021-04-09T00:00:00",9,4,2021,2493129,2493129,"HUMAN_OBSERVATION","CLO","EBIRD","OBS1117355477",NA,"","","CC_BY_4_0","","obsr212715",NA,NA,"2023-06-07 15:29:39","","CONTINENT_DERIVED_FROM_COORDINATES","POINT (13.93208 41.02203)"
3545366912,"4fa7b334-ce0d-4e88-aaae-2e0c138d049e","URN:catalog:CLO:EBIRD:OBS1114421511","Animalia","Chordata","Aves","Passeriformes","Acrocephalidae","Acrocephalus","Acrocephalus schoenobaenus",NA,"SPECIES","Acrocephalus schoenobaenus (Linnaeus, 1758)","Acrocephalus schoenobaenus","","IT","Variconi","Campania","PRESENT",1,"e2e717bf-551a-4917-bdc9-4fa0f342c530",41.02203,13.93208,NA,NA,NA,NA,NA,NA,"2021-03-26T00:00:00",26,3,2021,2493129,2493129,"HUMAN_OBSERVATION","CLO","EBIRD","OBS1114421511",NA,"","","CC_BY_4_0","","obsr212715",NA,NA,"2023-06-07 15:28:35","","CONTINENT_DERIVED_FROM_COORDINATES","POINT (13.93208 41.02203)"
2231152497,"4fa7b334-ce0d-4e88-aaae-2e0c138d049e","URN:catalog:CLO:EBIRD:OBS682945262","Animalia","Chordata","Aves","Passeriformes","Acrocephalidae","Acrocephalus","Acrocephalus schoenobaenus",NA,"SPECIES","Acrocephalus schoenobaenus (Linnaeus, 1758)","Acrocephalus schoenobaenus","","IT","Variconi","Campania","PRESENT",10,"e2e717bf-551a-4917-bdc9-4fa0f342c530",41.02203,13.93208,NA,NA,NA,NA,NA,NA,"2015-04-01T00:00:00",1,4,2015,2493129,2493129,"HUMAN_OBSERVATION","CLO","EBIRD","OBS682945262",NA,"","","CC_BY_4_0","","obsr212715",NA,NA,"2023-06-07 15:30:06","","CONTINENT_DERIVED_FROM_COORDINATES","POINT (13.93208 41.02203)"
2231147157,"4fa7b334-ce0d-4e88-aaae-2e0c138d049e","URN:catalog:CLO:EBIRD:OBS682940857","Animalia","Chordata","Aves","Passeriformes","Acrocephalidae","Acrocephalus","Acrocephalus schoenobaenus",NA,"SPECIES","Acrocephalus schoenobaenus (Linnaeus, 1758)","Acrocephalus schoenobaenus","","IT","Variconi","Campania","PRESENT",4,"e2e717bf-551a-4917-bdc9-4fa0f342c530",41.02203,13.93208,NA,NA,NA,NA,NA,NA,"2016-04-05T00:00:00",5,4,2016,2493129,2493129,"HUMAN_OBSERVATION","CLO","EBIRD","OBS682940857",NA,"","","CC_BY_4_0","","obsr212715",NA,NA,"2023-06-07 15:09:02","","CONTINENT_DERIVED_FROM_COORDINATES","POINT (13.93208 41.02203)"
2210144791,"4fa7b334-ce0d-4e88-aaae-2e0c138d049e","URN:catalog:CLO:EBIRD:OBS682966330","Animalia","Chordata","Aves","Passeriformes","Acrocephalidae","Acrocephalus","Acrocephalus schoenobaenus",NA,"SPECIES","Acrocephalus schoenobaenus (Linnaeus, 1758)","Acrocephalus schoenobaenus","","IT","Variconi","Campania","PRESENT",1,"e2e717bf-551a-4917-bdc9-4fa0f342c530",41.02203,13.93208,NA,NA,NA,NA,NA,NA,"2014-04-19T00:00:00",19,4,2014,2493129,2493129,"HUMAN_OBSERVATION","CLO","EBIRD","OBS682966330",NA,"","","CC_BY_4_0","","obsr212715",NA,NA,"2023-06-07 15:29:20","","CONTINENT_DERIVED_FROM_COORDINATES","POINT (13.93208 41.02203)"
2210132254,"4fa7b334-ce0d-4e88-aaae-2e0c138d049e","URN:catalog:CLO:EBIRD:OBS682941651","Animalia","Chordata","Aves","Passeriformes","Acrocephalidae","Acrocephalus","Acrocephalus schoenobaenus",NA,"SPECIES","Acrocephalus schoenobaenus (Linnaeus, 1758)","Acrocephalus schoenobaenus","","IT","Variconi","Campania","PRESENT",5,"e2e717bf-551a-4917-bdc9-4fa0f342c530",41.02203,13.93208,NA,NA,NA,NA,NA,NA,"2016-03-29T00:00:00",29,3,2016,2493129,2493129,"HUMAN_OBSERVATION","CLO","EBIRD","OBS682941651",NA,"","","CC_BY_4_0","","obsr212715",NA,NA,"2023-06-07 15:09:54","","CONTINENT_DERIVED_FROM_COORDINATES","POINT (13.93208 41.02203)"
