"gbifID","datasetKey","occurrenceID","kingdom","phylum","class","order","family","genus","species","infraspecificEpithet","taxonRank","scientificName","verbatimScientificName","verbatimScientificNameAuthorship","countryCode","locality","stateProvince","occurrenceStatus","individualCount","publishingOrgKey","decimalLatitude","decimalLongitude","coordinateUncertaintyInMeters","coordinatePrecision","elevation","elevationAccuracy","depth","depthAccuracy","eventDate","day","month","year","taxonKey","speciesKey","basisOfRecord","institutionCode","collectionCode","catalogNumber","recordNumber","identifiedBy","dateIdentified","license","rightsHolder","recordedBy","typeStatus","establishmentMeans","lastInterpreted","mediaType","issue","points_wkt"
3694121768,"4fa7b334-ce0d-4e88-aaae-2e0c138d049e","URN:catalog:CLO:EBIRD:OBS1253032027","Animalia","Chordata","Aves","Passeriformes","Acrocephalidae","Acrocephalus","Acrocephalus schoenobaenus",NA,"SPECIES","Acrocephalus schoenobaenus (Linnaeus, 1758)","Acrocephalus schoenobaenus","","IT","Valli di Argenta--settore Sud (south sector)","Emilia-Romagna","PRESENT",2,"e2e717bf-551a-4917-bdc9-4fa0f342c530",44.5711,11.83676,NA,NA,NA,NA,NA,NA,"2021-10-09T00:00:00",9,10,2021,2493129,2493129,"HUMAN_OBSERVATION","CLO","EBIRD","OBS1253032027",NA,"","","CC_BY_4_0","","obsr608674",NA,NA,"2023-06-07 15:34:18","","CONTINENT_DERIVED_FROM_COORDINATES","POINT (11.83676 44.5711)"
3642925801,"4fa7b334-ce0d-4e88-aaae-2e0c138d049e","URN:catalog:CLO:EBIRD:OBS1249987428","Animalia","Chordata","Aves","Passeriformes","Acrocephalidae","Acrocephalus","Acrocephalus schoenobaenus",NA,"SPECIES","Acrocephalus schoenobaenus (Linnaeus, 1758)","Acrocephalus schoenobaenus","","IT","Valli di Argenta--settore Sud (south sector)","Emilia-Romagna","PRESENT",3,"e2e717bf-551a-4917-bdc9-4fa0f342c530",44.5711,11.83676,NA,NA,NA,NA,NA,NA,"2021-10-04T00:00:00",4,10,2021,2493129,2493129,"HUMAN_OBSERVATION","CLO","EBIRD","OBS1249987428",NA,"","","CC_BY_4_0","","obsr608674",NA,NA,"2023-06-07 15:30:08","","CONTINENT_DERIVED_FROM_COORDINATES","POINT (11.83676 44.5711)"
3601306282,"4fa7b334-ce0d-4e88-aaae-2e0c138d049e","URN:catalog:CLO:EBIRD:OBS1121715708","Animalia","Chordata","Aves","Passeriformes","Acrocephalidae","Acrocephalus","Acrocephalus schoenobaenus",NA,"SPECIES","Acrocephalus schoenobaenus (Linnaeus, 1758)","Acrocephalus schoenobaenus","","IT","Valli di Argenta--settore Sud (south sector)","Emilia-Romagna","PRESENT",12,"e2e717bf-551a-4917-bdc9-4fa0f342c530",44.5711,11.83676,NA,NA,NA,NA,NA,NA,"2021-04-15T00:00:00",15,4,2021,2493129,2493129,"HUMAN_OBSERVATION","CLO","EBIRD","OBS1121715708",NA,"","","CC_BY_4_0","","obsr608674",NA,NA,"2023-06-07 15:28:59","","CONTINENT_DERIVED_FROM_COORDINATES","POINT (11.83676 44.5711)"
2760837042,"4fa7b334-ce0d-4e88-aaae-2e0c138d049e","URN:catalog:CLO:EBIRD:OBS764716084","Animalia","Chordata","Aves","Passeriformes","Acrocephalidae","Acrocephalus","Acrocephalus schoenobaenus",NA,"SPECIES","Acrocephalus schoenobaenus (Linnaeus, 1758)","Acrocephalus schoenobaenus","","IT","Valli di Argenta--settore Sud (south sector)","Emilia-Romagna","PRESENT",1,"e2e717bf-551a-4917-bdc9-4fa0f342c530",44.5711,11.83676,NA,NA,NA,NA,NA,NA,"2019-05-23T00:00:00",23,5,2019,2493129,2493129,"HUMAN_OBSERVATION","CLO","EBIRD","OBS764716084",NA,"","","CC_BY_4_0","","obsr328880",NA,NA,"2023-06-07 15:26:08","","CONTINENT_DERIVED_FROM_COORDINATES","POINT (11.83676 44.5711)"
