"gbifID","datasetKey","occurrenceID","kingdom","phylum","class","order","family","genus","species","infraspecificEpithet","taxonRank","scientificName","verbatimScientificName","verbatimScientificNameAuthorship","countryCode","locality","stateProvince","occurrenceStatus","individualCount","publishingOrgKey","decimalLatitude","decimalLongitude","coordinateUncertaintyInMeters","coordinatePrecision","elevation","elevationAccuracy","depth","depthAccuracy","eventDate","day","month","year","taxonKey","speciesKey","basisOfRecord","institutionCode","collectionCode","catalogNumber","recordNumber","identifiedBy","dateIdentified","license","rightsHolder","recordedBy","typeStatus","establishmentMeans","lastInterpreted","mediaType","issue","points_wkt"
2252004050,"50c9509d-22c7-4a22-a47d-8c48425ef4a7","https://www.inaturalist.org/observations/26196660","Animalia","Chordata","Aves","Passeriformes","Acrocephalidae","Acrocephalus","Acrocephalus schoenobaenus",NA,"SPECIES","Acrocephalus schoenobaenus (Linnaeus, 1758)","Acrocephalus schoenobaenus","","IT","","Lombardia","PRESENT",NA,"28eb1a3f-1c15-4a95-931a-4af90ecb574d",45.64621,10.03127,429,NA,NA,NA,NA,NA,"2019-05-22T21:06:00",22,5,2019,2493129,2493129,"HUMAN_OBSERVATION","iNaturalist","Observations","26196660",NA,"Paolo","2019-06-01T19:07:06","CC_BY_4_0","Paolo","Paolo",NA,NA,"2023-06-21 11:03:57","Sound","COORDINATE_ROUNDED;CONTINENT_DERIVED_FROM_COORDINATES","POINT (10.03127 45.64621)"
2243761437,"b1047888-ae52-4179-9dd5-5448ea342a24","https://data.biodiversitydata.nl/xeno-canto/observation/XC363416","Animalia","Chordata","Aves","Passeriformes","Acrocephalidae","Acrocephalus","Acrocephalus schoenobaenus",NA,"SPECIES","Acrocephalus schoenobaenus (Linnaeus, 1758)","Acrocephalus schoenobaenus","","IT","Iseo, Provincia di Brescia, Lombardia","","PRESENT",NA,"1f00d75c-f6fc-4224-a595-975e82d7689c",45.6561,10.031,NA,NA,NA,NA,NA,NA,"2017-04-07T00:00:00",7,4,2017,2493129,2493129,"HUMAN_OBSERVATION","","Wildlife sounds - Birds","XC363416",NA,"","","CC_BY_NC_4_0","Francesco Sottile","Francesco Sottile",NA,NA,"2023-06-07 21:03:54","Sound;StillImage","CONTINENT_DERIVED_FROM_COORDINATES","POINT (10.031 45.6561)"
2243759452,"b1047888-ae52-4179-9dd5-5448ea342a24","https://data.biodiversitydata.nl/xeno-canto/observation/XC363458","Animalia","Chordata","Aves","Passeriformes","Acrocephalidae","Acrocephalus","Acrocephalus schoenobaenus",NA,"SPECIES","Acrocephalus schoenobaenus (Linnaeus, 1758)","Acrocephalus schoenobaenus","","IT","Iseo, Provincia di Brescia, Lombardia","","PRESENT",NA,"1f00d75c-f6fc-4224-a595-975e82d7689c",45.656,10.031,NA,NA,NA,NA,NA,NA,"2017-04-07T00:00:00",7,4,2017,2493129,2493129,"HUMAN_OBSERVATION","","Wildlife sounds - Birds","XC363458",NA,"","","CC_BY_NC_4_0","Francesco Sottile","Francesco Sottile",NA,NA,"2023-06-07 21:03:54","StillImage;Sound","CONTINENT_DERIVED_FROM_COORDINATES","POINT (10.031 45.656)"
2243717544,"b1047888-ae52-4179-9dd5-5448ea342a24","https://data.biodiversitydata.nl/xeno-canto/observation/XC314975","Animalia","Chordata","Aves","Passeriformes","Acrocephalidae","Acrocephalus","Acrocephalus schoenobaenus",NA,"SPECIES","Acrocephalus schoenobaenus (Linnaeus, 1758)","Acrocephalus schoenobaenus","","IT","Iseo, Provincia di Brescia, Lombardia","","PRESENT",NA,"1f00d75c-f6fc-4224-a595-975e82d7689c",45.656,10.018,NA,NA,NA,NA,NA,NA,"2016-05-02T00:00:00",2,5,2016,2493129,2493129,"HUMAN_OBSERVATION","","Wildlife sounds - Birds","XC314975",NA,"","","CC_BY_NC_4_0","Francesco Sottile","Francesco Sottile",NA,NA,"2023-06-07 21:04:24","StillImage;Sound","CONTINENT_DERIVED_FROM_COORDINATES","POINT (10.018 45.656)"
