"gbifID","datasetKey","occurrenceID","kingdom","phylum","class","order","family","genus","species","infraspecificEpithet","taxonRank","scientificName","verbatimScientificName","verbatimScientificNameAuthorship","countryCode","locality","stateProvince","occurrenceStatus","individualCount","publishingOrgKey","decimalLatitude","decimalLongitude","coordinateUncertaintyInMeters","coordinatePrecision","elevation","elevationAccuracy","depth","depthAccuracy","eventDate","day","month","year","taxonKey","speciesKey","basisOfRecord","institutionCode","collectionCode","catalogNumber","recordNumber","identifiedBy","dateIdentified","license","rightsHolder","recordedBy","typeStatus","establishmentMeans","lastInterpreted","mediaType","issue","points_wkt"
3536789768,"4fa7b334-ce0d-4e88-aaae-2e0c138d049e","URN:catalog:CLO:EBIRD:OBS1155876899","Animalia","Chordata","Aves","Accipitriformes","Accipitridae","Accipiter","Accipiter nisus","","SPECIES","Accipiter nisus (Linnaeus, 1758)","Accipiter nisus","","IT","Valli di Argenta--settore Sud (south sector)","Emilia-Romagna","PRESENT",1,"e2e717bf-551a-4917-bdc9-4fa0f342c530",44.5711,11.83676,NA,NA,NA,NA,NA,NA,"2021-05-15T00:00:00",15,5,2021,2480637,2480637,"HUMAN_OBSERVATION","CLO","EBIRD","OBS1155876899",NA,"","","CC_BY_4_0","","obsr608674",NA,"","2023-06-07 15:29:30","","CONTINENT_DERIVED_FROM_COORDINATES","POINT (11.83676 44.5711)"
2128081569,"4fa7b334-ce0d-4e88-aaae-2e0c138d049e","URN:catalog:CLO:EBIRD:OBS566304515","Animalia","Chordata","Aves","Accipitriformes","Accipitridae","Accipiter","Accipiter nisus","","SPECIES","Accipiter nisus (Linnaeus, 1758)","Accipiter nisus","","IT","Valli di Argenta--settore Sud (south sector)","Emilia-Romagna","PRESENT",1,"e2e717bf-551a-4917-bdc9-4fa0f342c530",44.5711,11.83676,NA,NA,NA,NA,NA,NA,"2018-01-11T00:00:00",11,1,2018,2480637,2480637,"HUMAN_OBSERVATION","CLO","EBIRD","OBS566304515",NA,"","","CC_BY_4_0","","obsr608674",NA,"","2023-06-07 15:21:53","","CONTINENT_DERIVED_FROM_COORDINATES","POINT (11.83676 44.5711)"
1719811358,"4fa7b334-ce0d-4e88-aaae-2e0c138d049e","URN:catalog:CLO:EBIRD:OBS379372180","Animalia","Chordata","Aves","Accipitriformes","Accipitridae","Accipiter","Accipiter nisus","","SPECIES","Accipiter nisus (Linnaeus, 1758)","Accipiter nisus","","IT","Valli di Argenta--settore Sud (south sector)","Emilia-Romagna","PRESENT",1,"e2e717bf-551a-4917-bdc9-4fa0f342c530",44.5711,11.83676,NA,NA,NA,NA,NA,NA,"2016-03-06T00:00:00",6,3,2016,2480637,2480637,"HUMAN_OBSERVATION","CLO","EBIRD","OBS379372180",NA,"","","CC_BY_4_0","","obsr608674",NA,"","2023-06-07 15:22:55","","CONTINENT_DERIVED_FROM_COORDINATES","POINT (11.83676 44.5711)"
1712148656,"4fa7b334-ce0d-4e88-aaae-2e0c138d049e","URN:catalog:CLO:EBIRD:OBS368823818","Animalia","Chordata","Aves","Accipitriformes","Accipitridae","Accipiter","Accipiter nisus","","SPECIES","Accipiter nisus (Linnaeus, 1758)","Accipiter nisus","","IT","Valli di Argenta--settore Sud (south sector)","Emilia-Romagna","PRESENT",1,"e2e717bf-551a-4917-bdc9-4fa0f342c530",44.5711,11.83676,NA,NA,NA,NA,NA,NA,"2016-01-26T00:00:00",26,1,2016,2480637,2480637,"HUMAN_OBSERVATION","CLO","EBIRD","OBS368823818",NA,"","","CC_BY_4_0","","obsr608674",NA,"","2023-06-07 15:04:16","","CONTINENT_DERIVED_FROM_COORDINATES","POINT (11.83676 44.5711)"
1357178959,"4fa7b334-ce0d-4e88-aaae-2e0c138d049e","URN:catalog:CLO:EBIRD:OBS308416883","Animalia","Chordata","Aves","Accipitriformes","Accipitridae","Accipiter","Accipiter nisus","","SPECIES","Accipiter nisus (Linnaeus, 1758)","Accipiter nisus","","IT","Valli di Argenta--settore Sud (south sector)","Emilia-Romagna","PRESENT",1,"e2e717bf-551a-4917-bdc9-4fa0f342c530",44.5711,11.83676,NA,NA,NA,NA,NA,NA,"2015-01-01T00:00:00",1,1,2015,2480637,2480637,"HUMAN_OBSERVATION","CLO","EBIRD","OBS308416883",NA,"","","CC_BY_4_0","","obsr608674",NA,"","2023-06-07 15:18:04","","CONTINENT_DERIVED_FROM_COORDINATES","POINT (11.83676 44.5711)"
1357130077,"4fa7b334-ce0d-4e88-aaae-2e0c138d049e","URN:catalog:CLO:EBIRD:OBS306955381","Animalia","Chordata","Aves","Accipitriformes","Accipitridae","Accipiter","Accipiter nisus","","SPECIES","Accipiter nisus (Linnaeus, 1758)","Accipiter nisus","","IT","Valli di Argenta--settore Sud (south sector)","Emilia-Romagna","PRESENT",1,"e2e717bf-551a-4917-bdc9-4fa0f342c530",44.5711,11.83676,NA,NA,NA,NA,NA,NA,"2015-01-01T00:00:00",1,1,2015,2480637,2480637,"HUMAN_OBSERVATION","CLO","EBIRD","OBS306955381",NA,"","","CC_BY_4_0","","obsr608674",NA,"","2023-06-07 15:21:26","","CONTINENT_DERIVED_FROM_COORDINATES","POINT (11.83676 44.5711)"
