"gbifID","datasetKey","occurrenceID","kingdom","phylum","class","order","family","genus","species","infraspecificEpithet","taxonRank","scientificName","verbatimScientificName","verbatimScientificNameAuthorship","countryCode","locality","stateProvince","occurrenceStatus","individualCount","publishingOrgKey","decimalLatitude","decimalLongitude","coordinateUncertaintyInMeters","coordinatePrecision","elevation","elevationAccuracy","depth","depthAccuracy","eventDate","day","month","year","taxonKey","speciesKey","basisOfRecord","institutionCode","collectionCode","catalogNumber","recordNumber","identifiedBy","dateIdentified","license","rightsHolder","recordedBy","typeStatus","establishmentMeans","lastInterpreted","mediaType","issue","points_wkt"
3996056211,"8a863029-f435-446a-821e-275f4f641165","https://observation.org/observation/259068744","Animalia","Chordata","Aves","Accipitriformes","Accipitridae","Accipiter","Accipiter nisus","","SPECIES","Accipiter nisus (Linnaeus, 1758)","Accipiter nisus","","IT","Italy - Foligno (comuni)","","PRESENT",1,"c8d737e0-2ff8-42e8-b8fc-6b805d26fc5f",43.019,12.86994,5,NA,NA,NA,NA,NA,"2022-11-08T00:00:00",8,11,2022,2480637,2480637,"HUMAN_OBSERVATION","","Observations","OBS.259068744",NA,"","","CC_BY_NC_4_0","Stichting Observation International","User 92877",NA,"","2023-06-13 15:58:09","StillImage","COORDINATE_ROUNDED;CONTINENT_DERIVED_FROM_COORDINATES;OCCURRENCE_STATUS_INFERRED_FROM_INDIVIDUAL_COUNT","POINT (12.86994 43.019)"
3662740512,"4fa7b334-ce0d-4e88-aaae-2e0c138d049e","URN:catalog:CLO:EBIRD:OBS1271374874","Animalia","Chordata","Aves","Accipitriformes","Accipitridae","Accipiter","Accipiter nisus","","SPECIES","Accipiter nisus (Linnaeus, 1758)","Accipiter nisus","","IT","Palude di Colfiorito","Umbria","PRESENT",1,"e2e717bf-551a-4917-bdc9-4fa0f342c530",43.02382,12.87309,NA,NA,NA,NA,NA,NA,"2021-11-04T00:00:00",4,11,2021,2480637,2480637,"HUMAN_OBSERVATION","CLO","EBIRD","OBS1271374874",NA,"","","CC_BY_4_0","","obsr2330931",NA,"","2023-06-07 15:15:50","","CONTINENT_DERIVED_FROM_COORDINATES","POINT (12.87309 43.02382)"
3578308497,"4fa7b334-ce0d-4e88-aaae-2e0c138d049e","URN:catalog:CLO:EBIRD:OBS1271373317","Animalia","Chordata","Aves","Accipitriformes","Accipitridae","Accipiter","Accipiter nisus","","SPECIES","Accipiter nisus (Linnaeus, 1758)","Accipiter nisus","","IT","Palude di Colfiorito","Umbria","PRESENT",1,"e2e717bf-551a-4917-bdc9-4fa0f342c530",43.02382,12.87309,NA,NA,NA,NA,NA,NA,"2021-11-04T00:00:00",4,11,2021,2480637,2480637,"HUMAN_OBSERVATION","CLO","EBIRD","OBS1271373317",NA,"","","CC_BY_4_0","","obsr2330588",NA,"","2023-06-07 15:16:09","","CONTINENT_DERIVED_FROM_COORDINATES","POINT (12.87309 43.02382)"
3281078184,"4fa7b334-ce0d-4e88-aaae-2e0c138d049e","URN:catalog:CLO:EBIRD:OBS966332579","Animalia","Chordata","Aves","Accipitriformes","Accipitridae","Accipiter","Accipiter nisus","","SPECIES","Accipiter nisus (Linnaeus, 1758)","Accipiter nisus","","IT","Palude di Colfiorito","Umbria","PRESENT",1,"e2e717bf-551a-4917-bdc9-4fa0f342c530",43.02382,12.87309,NA,NA,NA,NA,NA,NA,"2020-08-09T00:00:00",9,8,2020,2480637,2480637,"HUMAN_OBSERVATION","CLO","EBIRD","OBS966332579",NA,"","","CC_BY_4_0","","obsr1232276",NA,"","2023-06-07 15:13:37","","CONTINENT_DERIVED_FROM_COORDINATES","POINT (12.87309 43.02382)"
3169446980,"4fa7b334-ce0d-4e88-aaae-2e0c138d049e","URN:catalog:CLO:EBIRD:OBS965889956","Animalia","Chordata","Aves","Accipitriformes","Accipitridae","Accipiter","Accipiter nisus","","SPECIES","Accipiter nisus (Linnaeus, 1758)","Accipiter nisus","","IT","Palude di Colfiorito","Umbria","PRESENT",1,"e2e717bf-551a-4917-bdc9-4fa0f342c530",43.02382,12.87309,NA,NA,NA,NA,NA,NA,"2020-08-09T00:00:00",9,8,2020,2480637,2480637,"HUMAN_OBSERVATION","CLO","EBIRD","OBS965889956",NA,"","","CC_BY_4_0","","obsr644186",NA,"","2023-06-07 15:28:00","","CONTINENT_DERIVED_FROM_COORDINATES","POINT (12.87309 43.02382)"
2792154201,"4fa7b334-ce0d-4e88-aaae-2e0c138d049e","URN:catalog:CLO:EBIRD:OBS841382784","Animalia","Chordata","Aves","Accipitriformes","Accipitridae","Accipiter","Accipiter nisus","","SPECIES","Accipiter nisus (Linnaeus, 1758)","Accipiter nisus","","IT","Palude di Colfiorito","Umbria","PRESENT",1,"e2e717bf-551a-4917-bdc9-4fa0f342c530",43.02382,12.87309,NA,NA,NA,NA,NA,NA,"2019-12-23T00:00:00",23,12,2019,2480637,2480637,"HUMAN_OBSERVATION","CLO","EBIRD","OBS841382784",NA,"","","CC_BY_4_0","","obsr505689",NA,"","2023-06-07 15:10:26","","CONTINENT_DERIVED_FROM_COORDINATES","POINT (12.87309 43.02382)"
2724080160,"4fa7b334-ce0d-4e88-aaae-2e0c138d049e","URN:catalog:CLO:EBIRD:OBS841429028","Animalia","Chordata","Aves","Accipitriformes","Accipitridae","Accipiter","Accipiter nisus","","SPECIES","Accipiter nisus (Linnaeus, 1758)","Accipiter nisus","","IT","Palude di Colfiorito","Umbria","PRESENT",1,"e2e717bf-551a-4917-bdc9-4fa0f342c530",43.02382,12.87309,NA,NA,NA,NA,NA,NA,"2019-12-23T00:00:00",23,12,2019,2480637,2480637,"HUMAN_OBSERVATION","CLO","EBIRD","OBS841429028",NA,"","","CC_BY_4_0","","obsr1009637",NA,"","2023-06-07 15:26:01","","CONTINENT_DERIVED_FROM_COORDINATES","POINT (12.87309 43.02382)"
1708247664,"4fa7b334-ce0d-4e88-aaae-2e0c138d049e","URN:catalog:CLO:EBIRD:OBS363106776","Animalia","Chordata","Aves","Accipitriformes","Accipitridae","Accipiter","Accipiter nisus","","SPECIES","Accipiter nisus (Linnaeus, 1758)","Accipiter nisus","","IT","Palude di Colfiorito","Umbria","PRESENT",2,"e2e717bf-551a-4917-bdc9-4fa0f342c530",43.02382,12.87309,NA,NA,NA,NA,NA,NA,"2016-01-03T00:00:00",3,1,2016,2480637,2480637,"HUMAN_OBSERVATION","CLO","EBIRD","OBS363106776",NA,"","","CC_BY_4_0","","obsr536183",NA,"","2023-06-07 15:03:46","","CONTINENT_DERIVED_FROM_COORDINATES","POINT (12.87309 43.02382)"
