"gbifID","datasetKey","occurrenceID","kingdom","phylum","class","order","family","genus","species","infraspecificEpithet","taxonRank","scientificName","verbatimScientificName","verbatimScientificNameAuthorship","countryCode","locality","stateProvince","occurrenceStatus","individualCount","publishingOrgKey","decimalLatitude","decimalLongitude","coordinateUncertaintyInMeters","coordinatePrecision","elevation","elevationAccuracy","depth","depthAccuracy","eventDate","day","month","year","taxonKey","speciesKey","basisOfRecord","institutionCode","collectionCode","catalogNumber","recordNumber","identifiedBy","dateIdentified","license","rightsHolder","recordedBy","typeStatus","establishmentMeans","lastInterpreted","mediaType","issue","points_wkt"
2798532811,"4fa7b334-ce0d-4e88-aaae-2e0c138d049e","URN:catalog:CLO:EBIRD:OBS861217458","Animalia","Chordata","Aves","Accipitriformes","Accipitridae","Accipiter","Accipiter nisus","","SPECIES","Accipiter nisus (Linnaeus, 1758)","Accipiter nisus","","IT","Valli di Argenta","Emilia-Romagna","PRESENT",NA,"e2e717bf-551a-4917-bdc9-4fa0f342c530",44.5827,11.80264,NA,NA,NA,NA,NA,NA,"2018-09-08T00:00:00",8,9,2018,2480637,2480637,"HUMAN_OBSERVATION","CLO","EBIRD","OBS861217458",NA,"","","CC_BY_4_0","","obsr1321064",NA,"","2023-06-07 15:26:29","","CONTINENT_DERIVED_FROM_COORDINATES","POINT (11.80264 44.5827)"
2786285224,"4fa7b334-ce0d-4e88-aaae-2e0c138d049e","URN:catalog:CLO:EBIRD:OBS816826951","Animalia","Chordata","Aves","Accipitriformes","Accipitridae","Accipiter","Accipiter nisus","","SPECIES","Accipiter nisus (Linnaeus, 1758)","Accipiter nisus","","IT","Valli di Argenta--settore Nord (North sector)","Emilia-Romagna","PRESENT",1,"e2e717bf-551a-4917-bdc9-4fa0f342c530",44.59936,11.81218,NA,NA,NA,NA,NA,NA,"2017-04-19T00:00:00",19,4,2017,2480637,2480637,"HUMAN_OBSERVATION","CLO","EBIRD","OBS816826951",NA,"","","CC_BY_4_0","","obsr1182107",NA,"","2023-06-07 15:37:51","","COORDINATE_ROUNDED;CONTINENT_DERIVED_FROM_COORDINATES","POINT (11.81218 44.59936)"
2723078464,"4fa7b334-ce0d-4e88-aaae-2e0c138d049e","URN:catalog:CLO:EBIRD:OBS828097421","Animalia","Chordata","Aves","Accipitriformes","Accipitridae","Accipiter","Accipiter nisus","","SPECIES","Accipiter nisus (Linnaeus, 1758)","Accipiter nisus","","IT","Valli di Argenta--settore Nord (North sector)","Emilia-Romagna","PRESENT",1,"e2e717bf-551a-4917-bdc9-4fa0f342c530",44.59936,11.81218,NA,NA,NA,NA,NA,NA,"2019-11-15T00:00:00",15,11,2019,2480637,2480637,"HUMAN_OBSERVATION","CLO","EBIRD","OBS828097421",NA,"","","CC_BY_4_0","","obsr1314843",NA,"","2023-06-07 15:09:54","","COORDINATE_ROUNDED;CONTINENT_DERIVED_FROM_COORDINATES","POINT (11.81218 44.59936)"
2225804622,"4fa7b334-ce0d-4e88-aaae-2e0c138d049e","URN:catalog:CLO:EBIRD_ARG:OBS674482520","Animalia","Chordata","Aves","Accipitriformes","Accipitridae","Accipiter","Accipiter nisus","","SPECIES","Accipiter nisus (Linnaeus, 1758)","Accipiter nisus","","IT","Valli di Argenta--settore Nord (North sector)","Emilia-Romagna","PRESENT",NA,"e2e717bf-551a-4917-bdc9-4fa0f342c530",44.59936,11.81218,NA,NA,NA,NA,NA,NA,"2018-09-29T00:00:00",29,9,2018,2480637,2480637,"HUMAN_OBSERVATION","CLO","EBIRD_ARG","OBS674482520",NA,"","","CC_BY_4_0","","obsr348161",NA,"","2023-06-07 15:22:59","","COORDINATE_ROUNDED;CONTINENT_DERIVED_FROM_COORDINATES","POINT (11.81218 44.59936)"
