"gbifID","datasetKey","occurrenceID","kingdom","phylum","class","order","family","genus","species","infraspecificEpithet","taxonRank","scientificName","verbatimScientificName","verbatimScientificNameAuthorship","countryCode","locality","stateProvince","occurrenceStatus","individualCount","publishingOrgKey","decimalLatitude","decimalLongitude","coordinateUncertaintyInMeters","coordinatePrecision","elevation","elevationAccuracy","depth","depthAccuracy","eventDate","day","month","year","taxonKey","speciesKey","basisOfRecord","institutionCode","collectionCode","catalogNumber","recordNumber","identifiedBy","dateIdentified","license","rightsHolder","recordedBy","typeStatus","establishmentMeans","lastInterpreted","mediaType","issue","points_wkt"
3296222960,"4fa7b334-ce0d-4e88-aaae-2e0c138d049e","URN:catalog:CLO:EBIRD:OBS993323164","Animalia","Chordata","Aves","Accipitriformes","Accipitridae","Accipiter","Accipiter nisus","","SPECIES","Accipiter nisus (Linnaeus, 1758)","Accipiter nisus","","IT","Valli di Comacchio--Saline","Emilia-Romagna","PRESENT",1,"e2e717bf-551a-4917-bdc9-4fa0f342c530",44.65703,12.20512,NA,NA,NA,NA,NA,NA,"2020-10-08T00:00:00",8,10,2020,2480637,2480637,"HUMAN_OBSERVATION","CLO","EBIRD","OBS993323164",NA,"","","CC_BY_4_0","","obsr1081986",NA,"","2023-06-07 15:28:33","","CONTINENT_DERIVED_FROM_COORDINATES","POINT (12.20512 44.65703)"
3277093365,"4fa7b334-ce0d-4e88-aaae-2e0c138d049e","URN:catalog:CLO:EBIRD:OBS1007502718","Animalia","Chordata","Aves","Accipitriformes","Accipitridae","Accipiter","Accipiter nisus","","SPECIES","Accipiter nisus (Linnaeus, 1758)","Accipiter nisus","","IT","Oasi Naturalistica Valle Zavalea","Emilia-Romagna","PRESENT",1,"e2e717bf-551a-4917-bdc9-4fa0f342c530",44.65572,12.11571,NA,NA,NA,NA,NA,NA,"2020-11-05T00:00:00",5,11,2020,2480637,2480637,"HUMAN_OBSERVATION","CLO","EBIRD","OBS1007502718",NA,"","","CC_BY_4_0","","obsr608674",NA,"","2023-06-07 15:15:15","","COORDINATE_ROUNDED;CONTINENT_DERIVED_FROM_COORDINATES","POINT (12.11571 44.65572)"
3190019077,"4fa7b334-ce0d-4e88-aaae-2e0c138d049e","URN:catalog:CLO:EBIRD:OBS1004069125","Animalia","Chordata","Aves","Accipitriformes","Accipitridae","Accipiter","Accipiter nisus","","SPECIES","Accipiter nisus (Linnaeus, 1758)","Accipiter nisus","","IT","Oasi Naturalistica Valle Zavalea","Emilia-Romagna","PRESENT",1,"e2e717bf-551a-4917-bdc9-4fa0f342c530",44.65572,12.11571,NA,NA,NA,NA,NA,NA,"2020-10-29T00:00:00",29,10,2020,2480637,2480637,"HUMAN_OBSERVATION","CLO","EBIRD","OBS1004069125",NA,"","","CC_BY_4_0","","obsr608674",NA,"","2023-06-07 15:12:12","","COORDINATE_ROUNDED;CONTINENT_DERIVED_FROM_COORDINATES","POINT (12.11571 44.65572)"
3137675330,"4fa7b334-ce0d-4e88-aaae-2e0c138d049e","URN:catalog:CLO:EBIRD:OBS866092692","Animalia","Chordata","Aves","Accipitriformes","Accipitridae","Accipiter","Accipiter nisus","","SPECIES","Accipiter nisus (Linnaeus, 1758)","Accipiter nisus","","IT","Valli di Comacchio--Saline","Emilia-Romagna","PRESENT",1,"e2e717bf-551a-4917-bdc9-4fa0f342c530",44.65703,12.20512,NA,NA,NA,NA,NA,NA,"2020-02-17T00:00:00",17,2,2020,2480637,2480637,"HUMAN_OBSERVATION","CLO","EBIRD","OBS866092692",NA,"","","CC_BY_4_0","","obsr608674",NA,"","2023-06-07 15:10:21","","CONTINENT_DERIVED_FROM_COORDINATES","POINT (12.20512 44.65703)"
2789801061,"4fa7b334-ce0d-4e88-aaae-2e0c138d049e","URN:catalog:CLO:EBIRD:OBS838485181","Animalia","Chordata","Aves","Accipitriformes","Accipitridae","Accipiter","Accipiter nisus","","SPECIES","Accipiter nisus (Linnaeus, 1758)","Accipiter nisus","","IT","Valli di Comacchio--Saline","Emilia-Romagna","PRESENT",1,"e2e717bf-551a-4917-bdc9-4fa0f342c530",44.65703,12.20512,NA,NA,NA,NA,NA,NA,"2019-12-15T00:00:00",15,12,2019,2480637,2480637,"HUMAN_OBSERVATION","CLO","EBIRD","OBS838485181",NA,"","","CC_BY_4_0","","obsr608674",NA,"","2023-06-07 15:10:00","","CONTINENT_DERIVED_FROM_COORDINATES","POINT (12.20512 44.65703)"
2662285292,"4fa7b334-ce0d-4e88-aaae-2e0c138d049e","URN:catalog:CLO:EBIRD:OBS727621233","Animalia","Chordata","Aves","Accipitriformes","Accipitridae","Accipiter","Accipiter nisus","","SPECIES","Accipiter nisus (Linnaeus, 1758)","Accipiter nisus","","IT","Valli di Comacchio--Valle Fossa di Porto","Emilia-Romagna","PRESENT",1,"e2e717bf-551a-4917-bdc9-4fa0f342c530",44.61794,12.10502,NA,NA,NA,NA,NA,NA,"2018-01-25T00:00:00",25,1,2018,2480637,2480637,"HUMAN_OBSERVATION","CLO","EBIRD","OBS727621233",NA,"","","CC_BY_4_0","","obsr1240819",NA,"","2023-06-07 15:16:00","","CONTINENT_DERIVED_FROM_COORDINATES","POINT (12.10502 44.61794)"
2184573342,"4fa7b334-ce0d-4e88-aaae-2e0c138d049e","URN:catalog:CLO:EBIRD:OBS637571535","Animalia","Chordata","Aves","Accipitriformes","Accipitridae","Accipiter","Accipiter nisus","","SPECIES","Accipiter nisus (Linnaeus, 1758)","Accipiter nisus","","IT","Parco Regionale Delta del Po, Comacchio IT-Emilia–Romagna (44.6420,12.1080)","Emilia-Romagna","PRESENT",1,"e2e717bf-551a-4917-bdc9-4fa0f342c530",44.64203,12.10803,NA,NA,NA,NA,NA,NA,"2018-07-05T00:00:00",5,7,2018,2480637,2480637,"HUMAN_OBSERVATION","CLO","EBIRD","OBS637571535",NA,"","","CC_BY_4_0","","obsr134488",NA,"","2023-06-07 15:07:35","","CONTINENT_DERIVED_FROM_COORDINATES","POINT (12.10803 44.64203)"
