"gbifID","datasetKey","occurrenceID","kingdom","phylum","class","order","family","genus","species","infraspecificEpithet","taxonRank","scientificName","verbatimScientificName","verbatimScientificNameAuthorship","countryCode","locality","stateProvince","occurrenceStatus","individualCount","publishingOrgKey","decimalLatitude","decimalLongitude","coordinateUncertaintyInMeters","coordinatePrecision","elevation","elevationAccuracy","depth","depthAccuracy","eventDate","day","month","year","taxonKey","speciesKey","basisOfRecord","institutionCode","collectionCode","catalogNumber","recordNumber","identifiedBy","dateIdentified","license","rightsHolder","recordedBy","typeStatus","establishmentMeans","lastInterpreted","mediaType","issue","points_wkt"
3582814486,"4fa7b334-ce0d-4e88-aaae-2e0c138d049e","URN:catalog:CLO:EBIRD:OBS1260345808","Animalia","Chordata","Aves","Accipitriformes","Accipitridae","Accipiter","Accipiter nisus","","SPECIES","Accipiter nisus (Linnaeus, 1758)","Accipiter nisus","","IT","Riserva Naturale Nazzano Tevere-Farfa (area generale)","Lazio","PRESENT",1,"e2e717bf-551a-4917-bdc9-4fa0f342c530",42.21223,12.60547,NA,NA,NA,NA,NA,NA,"2021-10-18T00:00:00",18,10,2021,2480637,2480637,"HUMAN_OBSERVATION","CLO","EBIRD","OBS1260345808",NA,"","","CC_BY_4_0","","obsr543051",NA,"","2023-06-07 15:30:11","","CONTINENT_DERIVED_FROM_COORDINATES","POINT (12.60547 42.21223)"
2104307721,"4fa7b334-ce0d-4e88-aaae-2e0c138d049e","URN:catalog:CLO:EBIRD:OBS539711627","Animalia","Chordata","Aves","Accipitriformes","Accipitridae","Accipiter","Accipiter nisus","","SPECIES","Accipiter nisus (Linnaeus, 1758)","Accipiter nisus","","IT","Riserva Naturale Nazzano Tevere-Farfa (area generale)","Lazio","PRESENT",1,"e2e717bf-551a-4917-bdc9-4fa0f342c530",42.21223,12.60547,NA,NA,NA,NA,NA,NA,"2017-10-09T00:00:00",9,10,2017,2480637,2480637,"HUMAN_OBSERVATION","CLO","EBIRD","OBS539711627",NA,"","","CC_BY_4_0","","obsr288584",NA,"","2023-06-07 15:06:47","","CONTINENT_DERIVED_FROM_COORDINATES","POINT (12.60547 42.21223)"
2092877822,"4fa7b334-ce0d-4e88-aaae-2e0c138d049e","URN:catalog:CLO:EBIRD:OBS533246556","Animalia","Chordata","Aves","Accipitriformes","Accipitridae","Accipiter","Accipiter nisus","","SPECIES","Accipiter nisus (Linnaeus, 1758)","Accipiter nisus","","IT","Riserva Naturale Nazzano Tevere-Farfa (area generale)","Lazio","PRESENT",1,"e2e717bf-551a-4917-bdc9-4fa0f342c530",42.21223,12.60547,NA,NA,NA,NA,NA,NA,"2017-09-16T00:00:00",16,9,2017,2480637,2480637,"HUMAN_OBSERVATION","CLO","EBIRD","OBS533246556",NA,"","","CC_BY_4_0","","obsr288584",NA,"","2023-06-07 15:21:34","","CONTINENT_DERIVED_FROM_COORDINATES","POINT (12.60547 42.21223)"
2086321323,"4fa7b334-ce0d-4e88-aaae-2e0c138d049e","URN:catalog:CLO:EBIRD:OBS540713111","Animalia","Chordata","Aves","Accipitriformes","Accipitridae","Accipiter","Accipiter nisus","","SPECIES","Accipiter nisus (Linnaeus, 1758)","Accipiter nisus","","IT","Riserva Naturale Nazzano Tevere-Farfa (area generale)","Lazio","PRESENT",1,"e2e717bf-551a-4917-bdc9-4fa0f342c530",42.21223,12.60547,NA,NA,NA,NA,NA,NA,"2017-10-09T00:00:00",9,10,2017,2480637,2480637,"HUMAN_OBSERVATION","CLO","EBIRD","OBS540713111",NA,"","","CC_BY_4_0","","obsr968062",NA,"","2023-06-07 15:06:28","","CONTINENT_DERIVED_FROM_COORDINATES","POINT (12.60547 42.21223)"
