"gbifID","datasetKey","occurrenceID","kingdom","phylum","class","order","family","genus","species","infraspecificEpithet","taxonRank","scientificName","verbatimScientificName","verbatimScientificNameAuthorship","countryCode","locality","stateProvince","occurrenceStatus","individualCount","publishingOrgKey","decimalLatitude","decimalLongitude","coordinateUncertaintyInMeters","coordinatePrecision","elevation","elevationAccuracy","depth","depthAccuracy","eventDate","day","month","year","taxonKey","speciesKey","basisOfRecord","institutionCode","collectionCode","catalogNumber","recordNumber","identifiedBy","dateIdentified","license","rightsHolder","recordedBy","typeStatus","establishmentMeans","lastInterpreted","mediaType","issue","points_wkt"
3676101531,"4fa7b334-ce0d-4e88-aaae-2e0c138d049e","URN:catalog:CLO:EBIRD:OBS1258989681","Animalia","Chordata","Aves","Accipitriformes","Accipitridae","Accipiter","Accipiter nisus","","SPECIES","Accipiter nisus (Linnaeus, 1758)","Accipiter nisus","","IT","Laguna di Orbetello, Oasi WWF (9:30-13:30, wkends only, 1 Sept.-1 May)","Toscana","PRESENT",1,"e2e717bf-551a-4917-bdc9-4fa0f342c530",42.48605,11.20517,NA,NA,NA,NA,NA,NA,"2021-10-16T00:00:00",16,10,2021,2480637,2480637,"HUMAN_OBSERVATION","CLO","EBIRD","OBS1258989681",NA,"","","CC_BY_4_0","","obsr554964",NA,"","2023-06-07 15:16:42","","CONTINENT_DERIVED_FROM_COORDINATES","POINT (11.20517 42.48605)"
2190219980,"4fa7b334-ce0d-4e88-aaae-2e0c138d049e","URN:catalog:CLO:EBIRD:OBS661852164","Animalia","Chordata","Aves","Accipitriformes","Accipitridae","Accipiter","Accipiter nisus","","SPECIES","Accipiter nisus (Linnaeus, 1758)","Accipiter nisus","","IT","Bosco di Patanella","Toscana","PRESENT",1,"e2e717bf-551a-4917-bdc9-4fa0f342c530",42.46802,11.21598,NA,NA,NA,NA,NA,NA,"2018-09-29T00:00:00",29,9,2018,2480637,2480637,"HUMAN_OBSERVATION","CLO","EBIRD","OBS661852164",NA,"","","CC_BY_4_0","","obsr267011",NA,"","2023-06-07 15:36:02","","CONTINENT_DERIVED_FROM_COORDINATES","POINT (11.21598 42.46802)"
2127203808,"4fa7b334-ce0d-4e88-aaae-2e0c138d049e","URN:catalog:CLO:EBIRD:OBS574513596","Animalia","Chordata","Aves","Accipitriformes","Accipitridae","Accipiter","Accipiter nisus","","SPECIES","Accipiter nisus (Linnaeus, 1758)","Accipiter nisus","","IT","Laguna di Orbetello, Oasi WWF (9:30-13:30, wkends only, 1 Sept.-1 May)","Toscana","PRESENT",1,"e2e717bf-551a-4917-bdc9-4fa0f342c530",42.48605,11.20517,NA,NA,NA,NA,NA,NA,"2018-01-18T00:00:00",18,1,2018,2480637,2480637,"HUMAN_OBSERVATION","CLO","EBIRD","OBS574513596",NA,"","","CC_BY_4_0","","obsr230728",NA,"","2023-06-07 15:23:25","","CONTINENT_DERIVED_FROM_COORDINATES","POINT (11.20517 42.48605)"
2106179837,"4fa7b334-ce0d-4e88-aaae-2e0c138d049e","URN:catalog:CLO:EBIRD:OBS568853464","Animalia","Chordata","Aves","Accipitriformes","Accipitridae","Accipiter","Accipiter nisus","","SPECIES","Accipiter nisus (Linnaeus, 1758)","Accipiter nisus","","IT","Laguna di Orbetello, Oasi WWF (9:30-13:30, wkends only, 1 Sept.-1 May)","Toscana","PRESENT",1,"e2e717bf-551a-4917-bdc9-4fa0f342c530",42.48605,11.20517,NA,NA,NA,NA,NA,NA,"2018-01-18T00:00:00",18,1,2018,2480637,2480637,"HUMAN_OBSERVATION","CLO","EBIRD","OBS568853464",NA,"","","CC_BY_4_0","","obsr98563",NA,"","2023-06-07 15:21:21","","CONTINENT_DERIVED_FROM_COORDINATES","POINT (11.20517 42.48605)"
