"gbifID","datasetKey","occurrenceID","kingdom","phylum","class","order","family","genus","species","infraspecificEpithet","taxonRank","scientificName","verbatimScientificName","verbatimScientificNameAuthorship","countryCode","locality","stateProvince","occurrenceStatus","individualCount","publishingOrgKey","decimalLatitude","decimalLongitude","coordinateUncertaintyInMeters","coordinatePrecision","elevation","elevationAccuracy","depth","depthAccuracy","eventDate","day","month","year","taxonKey","speciesKey","basisOfRecord","institutionCode","collectionCode","catalogNumber","recordNumber","identifiedBy","dateIdentified","license","rightsHolder","recordedBy","typeStatus","establishmentMeans","lastInterpreted","mediaType","issue","points_wkt"
3681807949,"4fa7b334-ce0d-4e88-aaae-2e0c138d049e","URN:catalog:CLO:EBIRD:OBS1240942626","Animalia","Chordata","Aves","Accipitriformes","Accipitridae","Accipiter","Accipiter nisus","","SPECIES","Accipiter nisus (Linnaeus, 1758)","Accipiter nisus","","IT","40 Viale del Lago, Comacchio, Emilia-Romagna, IT (44,757, 12,234)","Emilia-Romagna","PRESENT",1,"e2e717bf-551a-4917-bdc9-4fa0f342c530",44.75724,12.23368,NA,NA,NA,NA,NA,NA,"2021-09-20T00:00:00",20,9,2021,2480637,2480637,"HUMAN_OBSERVATION","CLO","EBIRD","OBS1240942626",NA,"","","CC_BY_4_0","","obsr608674",NA,"","2023-06-07 15:14:39","","CONTINENT_DERIVED_FROM_COORDINATES","POINT (12.23368 44.75724)"
3292407539,"4fa7b334-ce0d-4e88-aaae-2e0c138d049e","URN:catalog:CLO:EBIRD:OBS1002207192","Animalia","Chordata","Aves","Accipitriformes","Accipitridae","Accipiter","Accipiter nisus","","SPECIES","Accipiter nisus (Linnaeus, 1758)","Accipiter nisus","","IT","Delta del Po--Oasi di Canneviè e Porticino","Emilia-Romagna","PRESENT",1,"e2e717bf-551a-4917-bdc9-4fa0f342c530",44.80657,12.25268,NA,NA,NA,NA,NA,NA,"2020-10-25T00:00:00",25,10,2020,2480637,2480637,"HUMAN_OBSERVATION","CLO","EBIRD","OBS1002207192",NA,"","","CC_BY_4_0","","obsr1294621",NA,"","2023-06-07 15:26:21","","CONTINENT_DERIVED_FROM_COORDINATES","POINT (12.25268 44.80657)"
2784239505,"4fa7b334-ce0d-4e88-aaae-2e0c138d049e","URN:catalog:CLO:EBIRD:OBS787999339","Animalia","Chordata","Aves","Accipitriformes","Accipitridae","Accipiter","Accipiter nisus","","SPECIES","Accipiter nisus (Linnaeus, 1758)","Accipiter nisus","","IT","Lago delle Nazioni","Emilia-Romagna","PRESENT",1,"e2e717bf-551a-4917-bdc9-4fa0f342c530",44.7686,12.24063,NA,NA,NA,NA,NA,NA,"2019-07-23T00:00:00",23,7,2019,2480637,2480637,"HUMAN_OBSERVATION","CLO","EBIRD","OBS787999339",NA,"","","CC_BY_4_0","","obsr608674",NA,"","2023-06-07 15:24:43","","CONTINENT_DERIVED_FROM_COORDINATES","POINT (12.24063 44.7686)"
2719205154,"4fa7b334-ce0d-4e88-aaae-2e0c138d049e","URN:catalog:CLO:EBIRD:OBS883401986","Animalia","Chordata","Aves","Accipitriformes","Accipitridae","Accipiter","Accipiter nisus","","SPECIES","Accipiter nisus (Linnaeus, 1758)","Accipiter nisus","","IT","Delta del Po--Oasi di Canneviè e Porticino","Emilia-Romagna","PRESENT",1,"e2e717bf-551a-4917-bdc9-4fa0f342c530",44.80657,12.25268,NA,NA,NA,NA,NA,NA,"2019-11-01T00:00:00",1,11,2019,2480637,2480637,"HUMAN_OBSERVATION","CLO","EBIRD","OBS883401986",NA,"","","CC_BY_4_0","","obsr1190181",NA,"","2023-06-07 15:25:46","","CONTINENT_DERIVED_FROM_COORDINATES","POINT (12.25268 44.80657)"
