"gbifID","datasetKey","occurrenceID","kingdom","phylum","class","order","family","genus","species","infraspecificEpithet","taxonRank","scientificName","verbatimScientificName","verbatimScientificNameAuthorship","countryCode","locality","stateProvince","occurrenceStatus","individualCount","publishingOrgKey","decimalLatitude","decimalLongitude","coordinateUncertaintyInMeters","coordinatePrecision","elevation","elevationAccuracy","depth","depthAccuracy","eventDate","day","month","year","taxonKey","speciesKey","basisOfRecord","institutionCode","collectionCode","catalogNumber","recordNumber","identifiedBy","dateIdentified","license","rightsHolder","recordedBy","typeStatus","establishmentMeans","lastInterpreted","mediaType","issue","points_wkt"
3605447341,"4fa7b334-ce0d-4e88-aaae-2e0c138d049e","URN:catalog:CLO:EBIRD:OBS1117355450","Animalia","Chordata","Aves","Accipitriformes","Accipitridae","Accipiter","Accipiter nisus","","SPECIES","Accipiter nisus (Linnaeus, 1758)","Accipiter nisus","","IT","Variconi","Campania","PRESENT",1,"e2e717bf-551a-4917-bdc9-4fa0f342c530",41.02203,13.93208,NA,NA,NA,NA,NA,NA,"2021-04-09T00:00:00",9,4,2021,2480637,2480637,"HUMAN_OBSERVATION","CLO","EBIRD","OBS1117355450",NA,"","","CC_BY_4_0","","obsr212715",NA,"","2023-06-07 15:13:51","","CONTINENT_DERIVED_FROM_COORDINATES","POINT (13.93208 41.02203)"
3299171311,"4fa7b334-ce0d-4e88-aaae-2e0c138d049e","URN:catalog:CLO:EBIRD:OBS1000917647","Animalia","Chordata","Aves","Accipitriformes","Accipitridae","Accipiter","Accipiter nisus","","SPECIES","Accipiter nisus (Linnaeus, 1758)","Accipiter nisus","","IT","Variconi","Campania","PRESENT",1,"e2e717bf-551a-4917-bdc9-4fa0f342c530",41.02203,13.93208,NA,NA,NA,NA,NA,NA,"2020-10-16T00:00:00",16,10,2020,2480637,2480637,"HUMAN_OBSERVATION","CLO","EBIRD","OBS1000917647",NA,"","","CC_BY_4_0","","obsr212715",NA,"","2023-06-07 15:30:27","","CONTINENT_DERIVED_FROM_COORDINATES","POINT (13.93208 41.02203)"
3291073068,"4fa7b334-ce0d-4e88-aaae-2e0c138d049e","URN:catalog:CLO:EBIRD:OBS1000919694","Animalia","Chordata","Aves","Accipitriformes","Accipitridae","Accipiter","Accipiter nisus","","SPECIES","Accipiter nisus (Linnaeus, 1758)","Accipiter nisus","","IT","Variconi","Campania","PRESENT",1,"e2e717bf-551a-4917-bdc9-4fa0f342c530",41.02203,13.93208,NA,NA,NA,NA,NA,NA,"2020-10-16T00:00:00",16,10,2020,2480637,2480637,"HUMAN_OBSERVATION","CLO","EBIRD","OBS1000919694",NA,"","","CC_BY_4_0","","obsr605446",NA,"","2023-06-07 15:15:07","","CONTINENT_DERIVED_FROM_COORDINATES","POINT (13.93208 41.02203)"
3244188019,"4fa7b334-ce0d-4e88-aaae-2e0c138d049e","URN:catalog:CLO:EBIRD:OBS970780432","Animalia","Chordata","Aves","Accipitriformes","Accipitridae","Accipiter","Accipiter nisus","","SPECIES","Accipiter nisus (Linnaeus, 1758)","Accipiter nisus","","IT","Variconi","Campania","PRESENT",1,"e2e717bf-551a-4917-bdc9-4fa0f342c530",41.02203,13.93208,NA,NA,NA,NA,NA,NA,"2020-08-14T00:00:00",14,8,2020,2480637,2480637,"HUMAN_OBSERVATION","CLO","EBIRD","OBS970780432",NA,"","","CC_BY_4_0","","obsr212715",NA,"","2023-06-07 15:34:29","","CONTINENT_DERIVED_FROM_COORDINATES","POINT (13.93208 41.02203)"
