"gbifID","datasetKey","occurrenceID","kingdom","phylum","class","order","family","genus","species","infraspecificEpithet","taxonRank","scientificName","verbatimScientificName","verbatimScientificNameAuthorship","countryCode","locality","stateProvince","occurrenceStatus","individualCount","publishingOrgKey","decimalLatitude","decimalLongitude","coordinateUncertaintyInMeters","coordinatePrecision","elevation","elevationAccuracy","depth","depthAccuracy","eventDate","day","month","year","taxonKey","speciesKey","basisOfRecord","institutionCode","collectionCode","catalogNumber","recordNumber","identifiedBy","dateIdentified","license","rightsHolder","recordedBy","typeStatus","establishmentMeans","lastInterpreted","mediaType","issue","points_wkt"
3645641663,"4fa7b334-ce0d-4e88-aaae-2e0c138d049e","URN:catalog:CLO:EBIRD:OBS1245203331","Animalia","Chordata","Aves","Accipitriformes","Accipitridae","Accipiter","Accipiter nisus","","SPECIES","Accipiter nisus (Linnaeus, 1758)","Accipiter nisus","","IT","Pantani di Cicerchia","Lazio","PRESENT",1,"e2e717bf-551a-4917-bdc9-4fa0f342c530",41.41136,12.90252,NA,NA,NA,NA,NA,NA,"2021-09-22T00:00:00",22,9,2021,2480637,2480637,"HUMAN_OBSERVATION","CLO","EBIRD","OBS1245203331",NA,"","","CC_BY_4_0","","obsr1610518",NA,"","2023-06-07 15:15:13","","CONTINENT_DERIVED_FROM_COORDINATES","POINT (12.90252 41.41136)"
2796210037,"4fa7b334-ce0d-4e88-aaae-2e0c138d049e","URN:catalog:CLO:EBIRD:OBS823813329","Animalia","Chordata","Aves","Accipitriformes","Accipitridae","Accipiter","Accipiter nisus","","SPECIES","Accipiter nisus (Linnaeus, 1758)","Accipiter nisus","","IT","Lago di Fogliano","Lazio","PRESENT",1,"e2e717bf-551a-4917-bdc9-4fa0f342c530",41.40134,12.89731,NA,NA,NA,NA,NA,NA,"2019-11-03T00:00:00",3,11,2019,2480637,2480637,"HUMAN_OBSERVATION","CLO","EBIRD","OBS823813329",NA,"","","CC_BY_4_0","","obsr668799",NA,"","2023-06-07 15:10:27","","COORDINATE_ROUNDED;CONTINENT_DERIVED_FROM_COORDINATES","POINT (12.89731 41.40134)"
2744707349,"4fa7b334-ce0d-4e88-aaae-2e0c138d049e","URN:catalog:CLO:EBIRD:OBS751538205","Animalia","Chordata","Aves","Accipitriformes","Accipitridae","Accipiter","Accipiter nisus","","SPECIES","Accipiter nisus (Linnaeus, 1758)","Accipiter nisus","","IT","Lago di Fogliano","Lazio","PRESENT",1,"e2e717bf-551a-4917-bdc9-4fa0f342c530",41.40134,12.89731,NA,NA,NA,NA,NA,NA,"2016-12-01T00:00:00",1,12,2016,2480637,2480637,"HUMAN_OBSERVATION","CLO","EBIRD","OBS751538205",NA,"","","CC_BY_4_0","","obsr1240819",NA,"","2023-06-07 15:24:21","","COORDINATE_ROUNDED;CONTINENT_DERIVED_FROM_COORDINATES","POINT (12.89731 41.40134)"
2720142536,"4fa7b334-ce0d-4e88-aaae-2e0c138d049e","URN:catalog:CLO:EBIRD:OBS823909290","Animalia","Chordata","Aves","Accipitriformes","Accipitridae","Accipiter","Accipiter nisus","","SPECIES","Accipiter nisus (Linnaeus, 1758)","Accipiter nisus","","IT","Lago di Fogliano","Lazio","PRESENT",1,"e2e717bf-551a-4917-bdc9-4fa0f342c530",41.40134,12.89731,NA,NA,NA,NA,NA,NA,"2019-11-03T00:00:00",3,11,2019,2480637,2480637,"HUMAN_OBSERVATION","CLO","EBIRD","OBS823909290",NA,"","","CC_BY_4_0","","obsr623650",NA,"","2023-06-07 15:24:46","","COORDINATE_ROUNDED;CONTINENT_DERIVED_FROM_COORDINATES","POINT (12.89731 41.40134)"
2715621198,"4fa7b334-ce0d-4e88-aaae-2e0c138d049e","URN:catalog:CLO:EBIRD:OBS823841691","Animalia","Chordata","Aves","Accipitriformes","Accipitridae","Accipiter","Accipiter nisus","","SPECIES","Accipiter nisus (Linnaeus, 1758)","Accipiter nisus","","IT","Lago di Fogliano","Lazio","PRESENT",1,"e2e717bf-551a-4917-bdc9-4fa0f342c530",41.40134,12.89731,NA,NA,NA,NA,NA,NA,"2019-11-03T00:00:00",3,11,2019,2480637,2480637,"HUMAN_OBSERVATION","CLO","EBIRD","OBS823841691",NA,"","","CC_BY_4_0","","obsr819422",NA,"","2023-06-07 15:11:21","","COORDINATE_ROUNDED;CONTINENT_DERIVED_FROM_COORDINATES","POINT (12.89731 41.40134)"
2699210210,"4fa7b334-ce0d-4e88-aaae-2e0c138d049e","URN:catalog:CLO:EBIRD:OBS803304003","Animalia","Chordata","Aves","Accipitriformes","Accipitridae","Accipiter","Accipiter nisus","","SPECIES","Accipiter nisus (Linnaeus, 1758)","Accipiter nisus","","IT","Pantani di Cicerchia","Lazio","PRESENT",1,"e2e717bf-551a-4917-bdc9-4fa0f342c530",41.41136,12.90252,NA,NA,NA,NA,NA,NA,"2019-09-08T00:00:00",8,9,2019,2480637,2480637,"HUMAN_OBSERVATION","CLO","EBIRD","OBS803304003",NA,"","","CC_BY_4_0","","obsr1282596",NA,"","2023-06-07 15:10:10","","CONTINENT_DERIVED_FROM_COORDINATES","POINT (12.90252 41.41136)"
1389195536,"4fa7b334-ce0d-4e88-aaae-2e0c138d049e","URN:catalog:CLO:EBIRD:OBS344743856","Animalia","Chordata","Aves","Accipitriformes","Accipitridae","Accipiter","Accipiter nisus","","SPECIES","Accipiter nisus (Linnaeus, 1758)","Accipiter nisus","","IT","Pantani di Cicerchia","Lazio","PRESENT",1,"e2e717bf-551a-4917-bdc9-4fa0f342c530",41.41136,12.90252,NA,NA,NA,NA,NA,NA,"2015-02-08T00:00:00",8,2,2015,2480637,2480637,"HUMAN_OBSERVATION","CLO","EBIRD","OBS344743856",NA,"","","CC_BY_4_0","","obsr536183",NA,"","2023-06-07 15:19:01","","CONTINENT_DERIVED_FROM_COORDINATES","POINT (12.90252 41.41136)"
