"specie","reconstruction_log_probability","percentile","clusterunif"
"Orthetrum cancellatum",-4.200552464,"0p-25p","high"
"Ischnura elegans",-5.05893755,"0p-25p","high"
"Sympetrum sanguineum",-4.914162636,"0p-25p","high"
"Bufo bufo",-3.990373373,"0p-25p","high"
"Mergus merganser",-3.771752834,"0p-25p","medium"
"Corvus cornix",-6.868272305,"0p-25p","high"
"Egretta garzetta",-7.261913776,"0p-25p","high"
"Ardea cinerea",-8.444464684,"0p-25p","high"
"Anas platyrhynchos",-8.46999836,"0p-25p","high"
"Pica pica",-6.350940704,"0p-25p","high"
"Ardea alba",-6.919599533,"0p-25p","high"
"Phalacrocorax carbo",-8.214715004,"0p-25p","high"
"Larus michahellis",-7.655081749,"0p-25p","high"
"Chroicocephalus ridibundus",-6.964881897,"0p-25p","high"
"Fulica atra",-7.473154068,"0p-25p","high"
"Podiceps cristatus",-6.364135742,"0p-25p","high"
"Phoenicopterus roseus",-7.66875267,"0p-25p","high"
"Circus aeruginosus",-6.299462318,"0p-25p","high"
"Falco tinnunculus",-5.653076649,"0p-25p","high"
"Cettia cetti",-5.601270676,"0p-25p","high"
"Buteo buteo",-5.266451836,"0p-25p","high"
"Sturnus vulgaris",-5.338066578,"0p-25p","high"
"Passer italiae",-5.132915497,"0p-25p","high"
"Gallinula chloropus",-6.48589325,"0p-25p","high"
"Streptopelia decaocto",-5.252678394,"0p-25p","high"
"Hirundo rustica",-5.754271507,"0p-25p","high"
"Turdus merula",-5.967608929,"0p-25p","high"
"Fringilla coelebs",-5.338857174,"0p-25p","high"
"Erithacus rubecula",-5.306722164,"0p-25p","high"
"Bubulcus ibis",-5.166217804,"0p-25p","high"
"Columba palumbus",-5.83217144,"0p-25p","high"
"Cisticola juncidis",-5.176524162,"0p-25p","high"
"Alcedo atthis",-5.321413517,"0p-25p","high"
"Carduelis carduelis",-4.920031548,"0p-25p","high"
"Columba livia",-4.90767622,"0p-25p","high"
"Motacilla alba",-4.683495045,"0p-25p","high"
"Sylvia atricapilla",-4.917861938,"0p-25p","high"
"Phylloscopus collybita",-4.917290211,"0p-25p","high"
"Cyanistes caeruleus",-4.87806654,"0p-25p","high"
"Aegithalos caudatus",-5.162021637,"0p-25p","high"
"Tachybaptus ruficollis",-6.336728573,"0p-25p","high"
"Parus major",-5.540741444,"0p-25p","high"
"Himantopus himantopus",-6.053713322,"0p-25p","high"
"Tringa nebularia",-5.049370289,"0p-25p","high"
"Actitis hypoleucos",-4.696333885,"0p-25p","high"
"Anas crecca",-5.65794754,"0p-25p","high"
"Cygnus olor",-6.423958302,"0p-25p","high"
"Aythya ferina",-5.060863018,"0p-25p","high"
"Mareca strepera",-5.004057884,"0p-25p","high"
"Recurvirostra avosetta",-5.153771877,"0p-25p","high"
"Spatula clypeata",-5.549891949,"0p-25p","high"
"Tadorna tadorna",-5.405423164,"0p-25p","high"
"Platalea leucorodia",-5.643470764,"0p-25p","high"
"Ardea purpurea",-4.223237991,"0p-25p","high"
"Merops apiaster",-3.917079449,"0p-25p","high"
"Rallus aquaticus",-4.617312908,"0p-25p","high"
"Delichon urbicum",-3.865036488,"0p-25p","high"
"Ardeola ralloides",-4.014412403,"0p-25p","high"
"Saxicola rubicola",-3.962108612,"0p-25p","high"
"Luscinia megarhynchos",-3.81649375,"0p-25p","high"
"Phasianus colchicus",-4.583491802,"0p-25p","high"
"Phoenicurus ochruros",-3.805594683,"0p-25p","medium"
"Serinus serinus",-3.972112417,"0p-25p","high"
"Picus viridis",-4.674988747,"0p-25p","high"
"Passer montanus",-3.919530392,"0p-25p","high"
"Emberiza schoeniclus",-4.024302006,"0p-25p","high"
"Corvus monedula",-3.933715343,"0p-25p","high"
"Podarcis siculus",-4.168970585,"0p-25p","high"
"Galerida cristata",-4.655198097,"0p-25p","high"
"Garrulus glandarius",-4.546679974,"0p-25p","high"
"Troglodytes troglodytes",-3.939183235,"0p-25p","high"
"Dendrocopos major",-4.134351254,"0p-25p","high"
"Sterna hirundo",-4.087091923,"0p-25p","high"
"Curruca melanocephala",-4.819477081,"0p-25p","high"
"Numenius arquata",-4.880865097,"0p-25p","high"
"Vanellus vanellus",-4.092483044,"0p-25p","high"
"Emberiza calandra",-3.917167187,"0p-25p","high"
"Netta rufina",-4.212407112,"0p-25p","high"
"Tringa totanus",-4.941948891,"0p-25p","high"
"Nycticorax nycticorax",-4.144957066,"0p-25p","high"
"Podiceps nigricollis",-4.090873718,"0p-25p","high"
"Tringa erythropus",-4.75828743,"0p-25p","high"
"Anser anser",-4.550887108,"0p-25p","high"
"Calidris minuta",-4.280940533,"0p-25p","high"
"Milvus migrans",-3.965229034,"0p-25p","high"
"Pluvialis squatarola",-4.24324131,"0p-25p","high"
"Mareca penelope",-4.355560303,"0p-25p","high"
"Anas acuta",-3.857939243,"0p-25p","high"
"Calidris alpina",-4.26137352,"0p-25p","high"
"Sitta europaea",-2.89530921,"25p-50p","medium"
"Pimelia bipunctata",-2.621999741,"25p-50p","medium"
"Melitaea didyma",-2.742586374,"25p-50p","medium"
"Harmonia axyridis",-3.239582539,"25p-50p","medium"
"Micropterus salmoides",-2.70707202,"25p-50p","medium"
"Idaea aversata",-2.41448307,"25p-50p","medium"
"Lanius excubitor",-3.168045044,"25p-50p","medium"
"Myathropa florea",-2.477116823,"25p-50p","medium"
"Pimelia spec.",-2.626548767,"25p-50p","medium"
"Turdus pilaris",-3.158907413,"25p-50p","medium"
"Circus cyaneus",-2.915925026,"25p-50p","medium"
"Cuculus canorus",-3.126651287,"25p-50p","medium"
"Threskiornis aethiopicus",-3.326025248,"25p-50p","medium"
"Acrocephalus arundinaceus",-3.075894356,"25p-50p","medium"
"Grus grus",-2.455441236,"25p-50p","medium"
"Oenanthe oenanthe",-2.451678991,"25p-50p","medium"
"Plegadis falcinellus",-3.217956066,"25p-50p","medium"
"Riparia riparia",-2.52119565,"25p-50p","medium"
"Motacilla cinerea",-2.859151602,"25p-50p","medium"
"Upupa epops",-3.254008293,"25p-50p","medium"
"Saxicola rubetra",-2.503926754,"25p-50p","medium"
"Falco peregrinus",-2.62334156,"25p-50p","medium"
"Accipiter nisus",-3.294400215,"25p-50p","medium"
"Anthus spinoletta",-2.697355747,"25p-50p","medium"
"Tringa ochropus",-2.755511284,"25p-50p","medium"
"Podarcis muralis",-3.046077013,"25p-50p","medium"
"Spinus spinus",-2.999178171,"25p-50p","medium"
"Regulus ignicapilla",-2.417088985,"25p-50p","medium"
"Remiz pendulinus",-2.781946421,"25p-50p","medium"
"Alauda arvensis",-3.127455473,"25p-50p","medium"
"Spatula querquedula",-3.137620211,"25p-50p","medium"
"Sympetrum fonscolombii",-2.541756868,"25p-50p","medium"
"Ixobrychus minutus",-2.774178505,"25p-50p","medium"
"Lanius collurio",-2.40662694,"25p-50p","low"
"Muscicapa striata",-2.968609095,"25p-50p","medium"
"Apis mellifera",-2.485109806,"25p-50p","medium"
"Falco subbuteo",-2.772778988,"25p-50p","medium"
"Numenius phaeopus",-2.584280491,"25p-50p","medium"
"Oriolus oriolus",-2.936650991,"25p-50p","medium"
"Charadrius alexandrinus",-2.983302116,"25p-50p","medium"
"Jynx torquilla",-2.573253632,"25p-50p","medium"
"Pernis apivorus",-2.535858154,"25p-50p","medium"
"Phylloscopus trochilus",-2.505690336,"25p-50p","medium"
"Turdus philomelos",-3.054433107,"25p-50p","medium"
"Haematopus ostralegus",-2.732645273,"25p-50p","medium"
"Oxythyrea funesta",-2.593351126,"25p-50p","medium"
"Prunella modularis",-2.739229918,"25p-50p","medium"
"Calidris ferruginea",-2.983155966,"25p-50p","medium"
"Certhia brachydactyla",-2.794052124,"25p-50p","medium"
"Linaria cannabina",-3.282461405,"25p-50p","medium"
"Maniola jurtina",-2.783317566,"25p-50p","medium"
"Tringa stagnatilis",-2.491792202,"25p-50p","medium"
"Vanessa atalanta",-2.984843493,"25p-50p","medium"
"Aythya nyroca",-3.012642622,"25p-50p","medium"
"Colias croceus",-2.528941393,"25p-50p","medium"
"Limosa limosa",-3.012997866,"25p-50p","medium"
"Ochlodes sylvanus",-2.961246252,"25p-50p","medium"
"Phoenicurus phoenicurus",-2.473889112,"25p-50p","medium"
"Lasiommata megera",-2.447202206,"25p-50p","medium"
"Circaetus gallicus",-2.580853224,"25p-50p","medium"
"Ptyonoprogne rupestris",-2.547909975,"25p-50p","medium"
"Procambarus clarkii",-2.633719444,"25p-50p","medium"
"Trachemys scripta",-2.773462534,"25p-50p","medium"
"Aglais io",-2.65857482,"25p-50p","medium"
"Celastrina argiolus",-2.715048552,"25p-50p","medium"
"Sylvia borin",-2.461624622,"25p-50p","medium"
"Camponotus vagus",-2.622503519,"25p-50p","medium"
"Cetonia aurata",-2.64768815,"25p-50p","medium"
"Chlidonias hybrida",-2.660928011,"25p-50p","medium"
"Panurus biarmicus",-2.398261547,"25p-50p","low"
"Periparus ater",-2.495682716,"25p-50p","medium"
"Poecile palustris",-2.595567703,"25p-50p","medium"
"Acrocephalus scirpaceus",-3.661987543,"25p-50p","medium"
"Apus apus",-3.677711487,"25p-50p","medium"
"Streptopelia turtur",-3.75419569,"25p-50p","medium"
"Motacilla flava",-3.663557768,"25p-50p","medium"
"Chloris chloris",-3.513581038,"25p-50p","medium"
"Pandion haliaetus",-3.576258659,"25p-50p","medium"
"Anthus pratensis",-3.534920454,"25p-50p","medium"
"Tringa glareola",-3.409947395,"25p-50p","medium"
"Gallinago gallinago",-3.753270388,"25p-50p","medium"
"Calidris pugnax",-3.575752735,"25p-50p","medium"
"Charadrius dubius",-3.352440596,"25p-50p","medium"
"Ichthyaetus melanocephalus",-3.525657892,"25p-50p","medium"
"Charadrius hiaticula",-3.704728842,"25p-50p","medium"
"Thalasseus sandvicensis",-3.695349693,"25p-50p","medium"
"Sternula albifrons",-3.579980373,"25p-50p","medium"
"Crocothemis erythraea",-2.34851408,"50p-75p","low"
"Pararge aegeria",-2.218604088,"50p-75p","low"
"Vanessa cardui",-2.299531698,"50p-75p","low"
"Polyommatus icarus",-2.392500162,"50p-75p","low"
"Gelochelidon nilotica",-2.320297241,"50p-75p","low"
"Acrocephalus schoenobaenus",-2.187084436,"50p-75p","low"
"Athene noctua",-1.98508954,"50p-75p","low"
"Botaurus stellaris",-2.288648844,"50p-75p","low"
"Calidris alba",-2.111652613,"50p-75p","low"
"Colias crocea",-2.370645761,"50p-75p","low"
"Regulus regulus",-2.263499975,"50p-75p","low"
"Trithemis annulata",-2.111996889,"50p-75p","low"
"Acrocephalus melanopogon",-2.121897221,"50p-75p","low"
"Hieraaetus pennatus",-2.260926008,"50p-75p","low"
"Tarentola mauritanica",-2.048713207,"50p-75p","low"
"Papilio machaon",-2.061858177,"50p-75p","low"
"Locustella luscinioides",-2.214125156,"50p-75p","low"
"Fringilla montifringilla",-1.842769265,"50p-75p","low"
"Dama dama",-2.156494617,"50p-75p","low"
"Sympetrum striolatum",-2.173620701,"50p-75p","low"
"Anacridium aegyptium",-2.30582571,"50p-75p","low"
"Larus canus",-1.769280314,"50p-75p","low"
"Sus scrofa",-2.325058937,"50p-75p","low"
"Aeshna mixta",-2.315081835,"50p-75p","low"
"Anax parthenope",-1.969886661,"50p-75p","low"
"Apus melba",-1.884058714,"50p-75p","low"
"Chlidonias niger",-2.282787085,"50p-75p","low"
"Halyomorpha halys",-2.16801095,"50p-75p","low"
"Larus fuscus",-1.847942591,"50p-75p","low"
"Leptotes pirithous",-2.164934158,"50p-75p","low"
"Lycaena phlaeas",-2.075443029,"50p-75p","low"
"Macroglossum stellatarum",-1.745378971,"50p-75p","low"
"Orthetrum coerulescens",-1.721892238,"50p-75p","low"
"Amata phegea",-2.142637968,"50p-75p","low"
"Ameles spallanzania",-1.820200086,"50p-75p","low"
"Anthus trivialis",-2.081267357,"50p-75p","low"
"Corvus corax",-1.952261806,"50p-75p","low"
"Emberiza cirlus",-2.105213881,"50p-75p","low"
"Graphosoma italicum",-1.795012355,"50p-75p","low"
"Hippolais polyglotta",-2.23545146,"50p-75p","low"
"Lanius senator",-1.814321399,"50p-75p","low"
"Oedipoda caerulescens",-1.979047298,"50p-75p","low"
"Otus scops",-1.875862837,"50p-75p","low"
"Pieris rapae",-2.187724113,"50p-75p","low"
"Satyrium ilicis",-1.936489105,"50p-75p","low"
"Thomisus onustus",-2.323524237,"50p-75p","low"
"Vespa crabro",-2.3889184,"50p-75p","low"
"Vulpes vulpes",-1.730685592,"50p-75p","low"
"Acrocephalus palustris",-2.182682991,"50p-75p","low"
"Argiope bruennichi",-1.898295522,"50p-75p","low"
"Chlidonias leucopterus",-1.936155677,"50p-75p","low"
"Coccothraustes coccothraustes",-1.798940778,"50p-75p","low"
"Coreus marginatus",-2.15407753,"50p-75p","low"
"Coturnix coturnix",-2.076307535,"50p-75p","low"
"Curruca cantillans",-2.026957512,"50p-75p","low"
"Curruca communis",-2.283302546,"50p-75p","low"
"Curruca curruca",-2.188530684,"50p-75p","low"
"Ematurga atomaria",-1.774966955,"50p-75p","low"
"Eobania vermiculata",-2.019117594,"50p-75p","low"
"Episyrphus balteatus",-1.856937408,"50p-75p","low"
"Eurydema ornata",-1.759714842,"50p-75p","low"
"Gambusia holbrooki",-2.121337652,"50p-75p","low"
"Gavia arctica",-1.766365647,"50p-75p","low"
"Gulosus aristotelis",-1.878364444,"50p-75p","low"
"Iphiclides podalirius",-2.035139799,"50p-75p","low"
"Lacerta bilineata",-1.879080534,"50p-75p","low"
"Lucanus cervus",-2.109144449,"50p-75p","low"
"Luscinia svecica",-1.880755901,"50p-75p","low"
"Megascolia maculata",-1.834727764,"50p-75p","low"
"Milvus milvus",-2.039452314,"50p-75p","low"
"Nezara viridula",-2.349955559,"50p-75p","low"
"Pelophylax",-2.007310152,"50p-75p","low"
"Polygonia c-album",-2.349127769,"50p-75p","low"
"Puffinus yelkouan",-2.356256485,"50p-75p","low"
"Turdus iliacus",-2.112724304,"50p-75p","low"
"Zapornia parva",-1.814862967,"50p-75p","low"
"Falco vespertinus",-1.959823847,"50p-75p","low"
"Calandrella brachydactyla",-1.736932158,"50p-75p","low"
"Cecropis daurica",-1.788627625,"50p-75p","low"
"Tyto alba",-1.74069488,"50p-75p","low"
"Hierophis viridiflavus",-1.725548387,"50p-75p","low"
"Aiolopus strepens",-1.948147416,"50p-75p","low"
"Araneus angulatus",-1.984582663,"50p-75p","low"
"Dorcus parallelipipedus",-1.784407616,"50p-75p","low"
"Emys orbicularis",-1.726626396,"50p-75p","low"
"Euplagia quadripunctaria",-1.83810091,"50p-75p","low"
"Hippodamia variegata",-1.741002679,"50p-75p","low"
"Pachygrapsus marmoratus",-1.730569124,"50p-75p","low"
"Pyrgus malvoides",-1.761155128,"50p-75p","low"
"Sceliphron caementarium",-1.891154885,"50p-75p","low"
"Tropidopola cylindrica",-1.793049932,"50p-75p","low"
"Xylocopa violacea",-1.80075562,"50p-75p","low"
"Coracias garrulus",-1.672677636,"75p-100p","low"
"Calidris temminckii",-1.656829238,"75p-100p","low"
"Falco columbarius",-1.512369156,"75p-100p","low"
"Amandava amandava",-1.299571514,"75p-100p","low"
"Columba oenas",-1.649201274,"75p-100p","low"
"Gonepteryx rhamni",-1.581697345,"75p-100p","low"
"Theba pisana",-1.611226559,"75p-100p","low"
"Erythromma viridulum",-1.309208274,"75p-100p","low"
"Hydrocoloeus minutus",-1.531472683,"75p-100p","low"
"Cyprinus carpio",-1.651303291,"75p-100p","low"
"Lepomis gibbosus",-1.645951033,"75p-100p","low"
"Monticola solitarius",-1.661356211,"75p-100p","low"
"Oryctes nasicornis",-1.148527503,"75p-100p","low"
"Agrius convolvuli",-1.413765073,"75p-100p","low"
"Anax ephippiger",-1.419638753,"75p-100p","low"
"Argiope lobata",-1.330632329,"75p-100p","low"
"Callophrys rubi",-1.596037149,"75p-100p","low"
"Cerambyx cerdo",-1.396098018,"75p-100p","low"
"Chalcolestes parvidens",-1.66031754,"75p-100p","low"
"Clangula hyemalis",-1.416567802,"75p-100p","low"
"Cornu aspersum",-1.608313322,"75p-100p","low"
"Falco naumanni",-1.343336105,"75p-100p","low"
"Gavia stellata",-1.544807076,"75p-100p","low"
"Hipparchia statilinus",-1.305992961,"75p-100p","low"
"Hyphantria cunea",-1.704568267,"75p-100p","low"
"Nomophila noctuella",-1.532555819,"75p-100p","low"
"Pieris brassicae",-1.495506406,"75p-100p","low"
"Polistes dominula",-1.379050016,"75p-100p","low"
"Pontia edusa",-1.432763219,"75p-100p","low"
"Rana dalmatina",-1.446949482,"75p-100p","low"
"Scopula imitaria",-1.193815708,"75p-100p","low"
"Sphingonotus personatus",-1.37319231,"75p-100p","low"
"Utetheisa pulchella",-1.157491803,"75p-100p","low"
"Acanthocardia tuberculata",-1.16314888,"75p-100p","low"
"Acrida ungarica",-1.653910875,"75p-100p","low"
"Aedes albopictus",-1.116535783,"75p-100p","low"
"Agelena labyrinthica",-1.509270191,"75p-100p","low"
"Alopochen aegyptiaca",-1.358831882,"75p-100p","low"
"Ameiurus",-1.483865738,"75p-100p","low"
"Anthus cervinus",-1.312799335,"75p-100p","low"
"Arachnocephalus vestitus",-1.644523025,"75p-100p","low"
"Arctia villica",-1.555816889,"75p-100p","low"
"Asio flammeus",-1.618454099,"75p-100p","low"
"Aspitates ochrearia",-1.187977195,"75p-100p","low"
"Bacillus rossius",-1.461439133,"75p-100p","low"
"Cacyreus marshalli",-1.474239111,"75p-100p","low"
"Caretta caretta",-1.382853746,"75p-100p","low"
"Curruca subalpina",-1.636588693,"75p-100p","low"
"Dolycoris baccarum",-1.502541065,"75p-100p","low"
"Erinaceus Linnaeus,",-1.430655122,"75p-100p","low"
"Eristalinus taeniops",-1.449171424,"75p-100p","low"
"Eupeodes corollae",-1.491170645,"75p-100p","low"
"Evarcha jucunda",-1.541076779,"75p-100p","low"
"Exochomus quadripustulatus",-1.309284449,"75p-100p","low"
"Glareola pratincola",-1.618569016,"75p-100p","low"
"Glycaspis brimblecombei",-1.465192556,"75p-100p","low"
"Helicoverpa armigera",-1.617007494,"75p-100p","low"
"Lampides boeticus",-1.218705297,"75p-100p","low"
"Lasiocampa quercus",-1.656706452,"75p-100p","low"
"Lestes virens",-1.619319916,"75p-100p","low"
"Lindenia tetraphylla",-1.535660982,"75p-100p","low"
"Linepithema humile",-1.317170143,"75p-100p","low"
"Locusta migratoria",-1.479093432,"75p-100p","low"
"Meles meles",-1.636227131,"75p-100p","low"
"Mesosa curculionoides",-1.329638839,"75p-100p","low"
"Mugilidae indet.",-1.23726964,"75p-100p","low"
"Neoscona subfusca",-1.201295614,"75p-100p","low"
"Nymphalis polychloros",-1.625124097,"75p-100p","low"
"Orthetrum brunneum",-1.570459008,"75p-100p","low"
"Palpita vitrealis",-1.156020403,"75p-100p","low"
"Phaneroptera nana",-1.66806829,"75p-100p","low"
"Philaeus chrysops",-1.512905598,"75p-100p","low"
"Podiceps grisegena",-1.513188004,"75p-100p","low"
"Porzana porzana",-1.435020208,"75p-100p","low"
"Rhizostoma pulmo",-1.634678006,"75p-100p","low"
"Ruspolia nitidula",-1.666459084,"75p-100p","low"
"Saturnia pavoniella",-1.500926018,"75p-100p","low"
"Silurus glanis",-1.235015631,"75p-100p","low"
"Tadorna ferruginea",-1.658615112,"75p-100p","low"
"Zoropsis spinimana",-1.376776814,"75p-100p","low"
